-- phpMyAdmin SQL Dump
-- version 4.2.11
-- http://www.phpmyadmin.net
--
-- Servidor: 127.0.0.1
-- Tiempo de generación: 11-11-2015 a las 19:30:57
-- Versión del servidor: 5.6.21
-- Versión de PHP: 5.6.3

SET SQL_MODE = "NO_AUTO_VALUE_ON_ZERO";
SET time_zone = "+00:00";


/*!40101 SET @OLD_CHARACTER_SET_CLIENT=@@CHARACTER_SET_CLIENT */;
/*!40101 SET @OLD_CHARACTER_SET_RESULTS=@@CHARACTER_SET_RESULTS */;
/*!40101 SET @OLD_COLLATION_CONNECTION=@@COLLATION_CONNECTION */;
/*!40101 SET NAMES utf8 */;

--
-- Base de datos: `cadeteenlinea`
--
DROP DATABASE `cadeteenlinea`;
CREATE DATABASE IF NOT EXISTS `cadeteenlinea` DEFAULT CHARACTER SET latin1 COLLATE latin1_swedish_ci;
USE `cadeteenlinea`;

-- --------------------------------------------------------

--
-- Estructura de tabla para la tabla `apoderado`
--

DROP TABLE IF EXISTS `apoderado`;
CREATE TABLE IF NOT EXISTS `apoderado` (
  `rut` int(10) unsigned NOT NULL,
  `direccion` varchar(100) DEFAULT NULL,
  `comuna` varchar(25) DEFAULT NULL,
  `ciudad` varchar(25) DEFAULT NULL,
  `region` varchar(25) DEFAULT NULL,
  `fono` varchar(15) DEFAULT NULL,
  `fonoComercial` varchar(25) DEFAULT NULL,
  `difunto` enum('si','no') NOT NULL
) ENGINE=InnoDB DEFAULT CHARSET=latin1;

--
-- Volcado de datos para la tabla `apoderado`
--

INSERT INTO `apoderado` (`rut`, `direccion`, `comuna`, `ciudad`, `region`, `fono`, `fonoComercial`, `difunto`) VALUES
(4954924, 'DIEGO PORTALES 629, DEPTO. 32', 'VALPARAISO', 'VALPARAISO', 'VALPARAISO', '032-2493746', '95793351', 'no'),
(6378128, 'AV. RAMIRO MÉNDEZ S/N', 'PARCELA MIRADOR', 'CAUQUENES', 'CAUQUENES', '073-511159', '95424777', 'no'),
(6392614, 'NUCELLA 130 CASA 2', 'REÑACA', 'VIÑA DEL MAR', 'VIÑA DEL MAR', NULL, '95424675', 'no'),
(6821677, 'AV. CIRCUNVALACION N° 1210', NULL, 'SAN FERNANDO', 'SAN FERNANDO', '072-2711904', '56840519', 'no'),
(7089557, 'AV.ALEMANIA #5522, CERRO', 'LA LOMA', 'VALPARAISO', 'VALPARAISO', '32-2256817', '9-3352312', 'no'),
(7763080, 'LOTEO SAN FRANCISCO, ALTO LAS', 'CRUCES Nº 25', 'TALCA', 'TALCA', '071-243991', NULL, 'no'),
(8016825, 'AVDA. RAMIRO MENDEZ SIN NUMERO', 'CAUQUENES', 'CAUQUENES', 'CAUQUENES', '073-511159', '95424777', 'no'),
(8551041, 'LOTEO SAN FRANCISCO, ALTO LAS', 'CRUCES Nº 25', 'TALCA', 'TALCA', '071-243991', '95186943', 'no'),
(8662591, 'AV. CIRCUNVALACION N° 1210', NULL, 'SAN FERNANDO', 'SAN FERNANDO', '072-2711904', '66266550', 'no'),
(9693262, 'AV.ALEMANIA #5522', NULL, 'VALPARAISO', 'VALPARAISO', '32-2256817', '9-8639368', 'no'),
(9707695, 'SALAR  DE GRANDE #18489, CIUDA', 'MAIPU', 'SANTIAGO', 'SANTIAGO', '02-9666800', '86840907', 'no'),
(9978078, '2 ORIENTE 494, DEPTO. 32', 'VIÑA DEL MAR', 'VIÑA DEL MAR', 'VIÑA DEL MAR', '95277896', '95277896', 'no'),
(10263684, 'SALAR DE GRANDE #18489, CIUDAD', 'MAIPU', 'SANTIAGO', 'SANTIAGO', '02-9666800', '53990682', 'no'),
(10738140, 'LAS AGATAS 489, DEPTO 707', 'REÑACA', 'VIÑA DEL MAR', 'VIÑA DEL MAR', '032-2483148', '93311267', 'no'),
(15121504, 'CARACAS N° 418', 'RECREO', 'VIÑA DEL MAR', 'VIÑA DEL MAR', NULL, '87634930', 'no'),
(16309340, '1 PONIENTE 1255, DP 241', NULL, 'VIÑA DEL MAR', 'VIÑA DEL MAR', NULL, NULL, 'no');

-- --------------------------------------------------------

--
-- Estructura de tabla para la tabla `archivos`
--

DROP TABLE IF EXISTS `archivos`;
CREATE TABLE IF NOT EXISTS `archivos` (
`idarchivos` int(11) NOT NULL,
  `fecha` datetime NOT NULL,
  `tipo_archivo_idtipo_archivo` int(11) NOT NULL
) ENGINE=InnoDB AUTO_INCREMENT=6 DEFAULT CHARSET=latin1;

--
-- Volcado de datos para la tabla `archivos`
--

INSERT INTO `archivos` (`idarchivos`, `fecha`, `tipo_archivo_idtipo_archivo`) VALUES
(2, '2015-06-17 00:12:43', 2),
(3, '2015-06-17 01:22:30', 3),
(4, '2015-06-26 17:30:49', 4),
(5, '2015-07-10 00:44:34', 1);

-- --------------------------------------------------------

--
-- Estructura de tabla para la tabla `asignatura`
--

DROP TABLE IF EXISTS `asignatura`;
CREATE TABLE IF NOT EXISTS `asignatura` (
  `idasignatura` int(11) NOT NULL,
  `codigo` varchar(6) NOT NULL,
  `ano` int(11) NOT NULL,
  `semestre` tinyint(4) NOT NULL,
  `curso` tinyint(4) NOT NULL,
  `nombre` varchar(75) NOT NULL,
  `especialidad_idespecialidad` int(11) NOT NULL
) ENGINE=InnoDB DEFAULT CHARSET=latin1;

--
-- Volcado de datos para la tabla `asignatura`
--

INSERT INTO `asignatura` (`idasignatura`, `codigo`, `ano`, `semestre`, `curso`, `nombre`, `especialidad_idespecialidad`) VALUES
(1, '0PA400', 2009, 0, 4, 'OPERACIONES ANFIBIAS', 5),
(2, 'ABA201', 2009, 1, 2, 'ABASTECIMIENTO', 6),
(3, 'ABA201', 2012, 1, 2, 'ABASTECIMIENTO I', 6),
(4, 'ABA201', 2013, 1, 2, 'ABASTECIMIENTO I', 6),
(5, 'ABA201', 2014, 1, 2, 'ABASTECIMIENTO I', 6),
(6, 'ABA201', 2015, 1, 2, 'ABASTECIMIENTO I', 6),
(7, 'ABA202', 2010, 2, 2, 'ABASTECIMIENTO', 6),
(8, 'ABA202', 2011, 2, 2, 'ABASTECIMIENTO', 6),
(9, 'ABA202', 2012, 2, 2, 'ABASTECIMIENTO', 6),
(10, 'ABA202', 2013, 2, 2, 'ABASTECIMIENTO II', 6),
(11, 'ABA202', 2014, 2, 2, 'ABASTECIMIENTO II', 6),
(12, 'ABA202', 2015, 2, 2, 'ABASTECIMIENTO II', 6),
(13, 'ABA401', 2009, 1, 4, 'ABASTECIMIENTO', 6),
(14, 'ADE400', 2010, 0, 4, 'ADMINISTRACIÓN Y ECO.', 8),
(15, 'ADE400', 2015, 0, 4, 'ADMINISTRACION Y ECONOMIA', 8),
(16, 'ADM201', 2011, 1, 2, 'ADMINISTRACIÓN', 5),
(17, 'ADM201', 2012, 1, 2, 'ADMINISTRACIÓN', 5),
(18, 'ADM201', 2013, 1, 2, 'ADMINISTRACIÓN', 5),
(19, 'ADM201', 2014, 1, 2, 'ADMINISTRACIÓN', 5),
(20, 'ADM201', 2015, 1, 2, 'ADMINISTRACIÓN', 5),
(21, 'ADM202', 2009, 2, 2, 'ADMINISTRACIÓN', 6),
(22, 'ADM202', 2009, 2, 2, 'ADMINISTRACIÓN', 7),
(23, 'ADM202', 2010, 2, 2, 'ADMINISTRACIÓN', 6),
(24, 'ADM202', 2010, 2, 2, 'ADMINISTRACIÓN', 7),
(25, 'ADM202', 2011, 2, 2, 'ADMINISTRACIÓN', 6),
(26, 'ADM202', 2011, 2, 2, 'ADMINISTRACIÓN', 7),
(27, 'ADM202', 2012, 2, 2, 'ADMINISTRACIÓN', 6),
(28, 'ADM202', 2012, 2, 2, 'ADMINISTRACIÓN', 7),
(29, 'ADM202', 2013, 2, 2, 'ADMINISTRACIÓN', 6),
(30, 'ADM202', 2013, 2, 2, 'ADMINISTRACIÓN LT', 7),
(31, 'ADM202', 2014, 2, 2, 'ADMINISTRACIÓN', 6),
(32, 'ADM202', 2014, 2, 2, 'ADMINISTRACIÓN LT', 7),
(33, 'ADM202', 2015, 2, 2, 'ADMINISTRACIÓN', 6),
(34, 'ADM202', 2015, 2, 2, 'ADMINISTRACIÓN LT', 7),
(35, 'ADM301', 2009, 1, 3, 'ADM. LOG. DEL MATERIAL I', 6),
(36, 'ADM301', 2010, 1, 3, 'ADM. LOG. DEL MATERIAL I', 6),
(37, 'ADM301', 2011, 1, 3, 'ADM. LOG. DEL MATERIAL I', 6),
(38, 'ADM301', 2012, 1, 3, 'ADM. LOG. DEL MATERIAL I', 6),
(39, 'ADM301', 2013, 1, 3, 'ADM. LOG. DEL MATERIAL I', 6),
(40, 'ADM301', 2014, 1, 3, 'ADM. LOG. DEL MATERIAL I', 6),
(41, 'ADM301', 2015, 1, 3, 'ADM. LOG. DEL MATERIAL I', 6),
(42, 'ADM302', 2009, 2, 3, 'ADM. LOG DEL MATERIAL II', 6),
(43, 'ADM302', 2010, 2, 3, 'ADM. LOG DEL MATERIAL II', 6),
(44, 'ADM302', 2011, 2, 3, 'ADM. LOG DEL MATERIAL II', 6),
(45, 'ADM302', 2012, 2, 3, 'ADM. LOG DEL MATERIAL II', 6),
(46, 'ADM302', 2013, 2, 3, 'ADM. LOG DEL MATERIAL II', 6),
(47, 'ADM302', 2014, 2, 3, 'ADM. LOG DEL MATERIAL II', 6),
(48, 'ADM302', 2015, 2, 3, 'ADM. LOG DEL MATERIAL II', 6),
(49, 'ADM401', 2009, 1, 4, 'ADMINISTRACIÓN', 4),
(50, 'ADM401', 2009, 1, 4, 'ADMINISTRACIÓN', 5),
(51, 'ADM401', 2009, 1, 4, 'ADMINISTRACIÓN', 6),
(52, 'ADM401', 2010, 1, 4, 'ADMINISTRACIÓN', 4),
(53, 'ADM401', 2010, 1, 4, 'ADMINISTRACIÓN', 5),
(54, 'ADM401', 2010, 1, 4, 'ADMINISTRACIÓN MARÍTIMA', 7),
(55, 'ADM401', 2011, 1, 4, 'ADMINISTRACIÓN', 5),
(56, 'ADM401', 2011, 1, 4, 'ADMINISTRACIÓN MARÍTIMA', 7),
(57, 'ADM401', 2012, 1, 4, 'ADMINISTRACIÓN', 5),
(58, 'ADM401', 2012, 1, 4, 'AD. MARÍTIMA', 7),
(59, 'ADM401', 2013, 1, 4, 'ADMINISTRACION MARÍTIMA', 7),
(60, 'ADM401', 2014, 1, 4, 'ADMINISTRACION MARÍTIMA', 7),
(61, 'ADM401', 2015, 1, 4, 'ADMINISTRACION MARÍTIMA', 7),
(62, 'ADM402', 2011, 2, 4, 'ADMINISTRACIÓN', 4),
(63, 'ADM402', 2012, 2, 4, 'ADMINISTRACIÓN', 4),
(64, 'ADM402', 2012, 2, 4, 'PROCED. ADMINISTRATIVOS', 8),
(65, 'ADM402', 2013, 2, 4, 'ADMINISTRACIÓN', 4),
(66, 'ADM402', 2013, 2, 4, 'PROCED. ADMINISTRATIVOS', 8),
(67, 'ADM402', 2014, 2, 4, 'ADMINISTRACIÓN', 4),
(68, 'ADM402', 2014, 2, 4, 'PROCED. ADMINISTRATIVOS', 8),
(69, 'ADM402', 2015, 2, 4, 'ADMINISTRACIÓN', 4),
(70, 'ADP401', 2010, 1, 4, 'ADMINISTRACIÓN PÚBLICA', 6),
(71, 'ADP401', 2011, 1, 4, 'ADMINISTRACIÓN PÚBLICA', 6),
(72, 'ADP401', 2012, 1, 4, 'ADMINISTRACIÓN PÚBLICA', 6),
(73, 'ADP401', 2013, 1, 4, 'ADMINISTRACIÓN PÚBLICA', 6),
(74, 'ADP401', 2014, 1, 4, 'ADMINISTRACIÓN PÚBLICA', 6),
(75, 'ADP401', 2015, 1, 4, 'ADMINISTRACIÓN PÚBLICA', 6),
(76, 'AGT100', 2012, 0, 1, 'ÁLGEBRA GEO. TRIGONOMETR.', 1),
(77, 'AGT100', 2013, 0, 1, 'ÁLGEBRA GEO. TRIGONOMETR.', 1),
(78, 'AGT100', 2014, 0, 1, 'ÁLGEBRA GEO. TRIGONOMETR.', 1),
(79, 'AGT100', 2015, 0, 1, 'ÁLGEBRA GEO. TRIGONOMETR.', 1),
(80, 'ALG100', 2009, 0, 1, 'ÁLG. GEO. Y TRIGONOMETRÍA', 1),
(81, 'ALG100', 2010, 0, 1, 'ÁLG. GEO. Y TRIGONOMETRÍA', 1),
(82, 'ALG100', 2011, 0, 1, 'ÁLG. GEO. Y TRIGONOMETRÍA', 1),
(83, 'ALG100', 2012, 0, 1, 'ÁLGEBRA', 2),
(84, 'ALG100', 2013, 0, 1, 'ÁLGEBRA GEO. TRIGONOMETRI', 2),
(85, 'ALG100', 2014, 0, 1, 'ÁLGEBRA GEO. TRIGONOMETRI', 2),
(86, 'ALG100', 2015, 0, 1, 'ÁLGEBRA GEO. TRIGONOMETRI', 2),
(87, 'ALG301', 2009, 1, 3, 'ÁLGEBRA LINEAL', 4),
(88, 'ALG301', 2010, 1, 3, 'ÁLGEBRA LINEAL', 4),
(89, 'ALG301', 2011, 1, 3, 'ÁLGEBRA LINEAL', 4),
(90, 'ALG301', 2012, 1, 3, 'ÁLGEBRA LINEAL', 4),
(91, 'ALG301', 2013, 1, 3, 'ÁLGEBRA LINEAL', 4),
(92, 'ALG301', 2014, 1, 3, 'ÁLGEBRA LINEAL', 4),
(93, 'ALG301', 2015, 1, 3, 'ÁLGEBRA LINEAL', 4),
(94, 'ANA401', 2010, 1, 4, 'ANALISIS DE LA REA. NACIO', 4),
(95, 'ANA401', 2010, 1, 4, 'ANALISI DE LA REA. NAC.', 7),
(96, 'ANA401', 2011, 1, 4, 'ANÁLISIS DE LA REA. NACIO', 4),
(97, 'ANA401', 2011, 1, 4, 'ANALISI DE LA REA. NAC.', 7),
(98, 'ANA401', 2012, 1, 4, 'ANÁLISIS DE LA REA. NACIO', 4),
(99, 'ANA401', 2012, 1, 4, 'ANALISI DE LA REA. NAC.', 7),
(100, 'ANA401', 2013, 1, 4, 'ANÁLISIS DE LA REA. NACIO', 4),
(101, 'ANA401', 2013, 1, 4, 'ANALISI DE LA REA. NAC.', 7),
(102, 'ANA401', 2014, 1, 4, 'ANÁLISIS DE LA REA. NACIO', 4),
(103, 'ANA401', 2014, 1, 4, 'ANALISI DE LA REA. NAC.', 7),
(104, 'ANA401', 2015, 1, 4, 'ANÁLISIS DE LA REA. NACIO', 4),
(105, 'ANA401', 2015, 1, 4, 'ANALISI DE LA REA. NAC.', 7),
(106, 'ANA402', 2009, 2, 4, 'ANA. REALIDAD NAC. E INTE', 4),
(107, 'ANA402', 2009, 2, 4, 'ANA. REALIDAD NAC. E INTE', 5),
(108, 'ANA402', 2009, 2, 4, 'ANA. REALIDAD NAC. E INTE', 6),
(109, 'ANA402', 2009, 2, 4, 'ANA. REALIDAD NAC. E INTE', 7),
(110, 'ANA402', 2010, 2, 4, 'ANA. REALIDAD NAC. E INTE', 5),
(111, 'ANA402', 2010, 2, 4, 'ANA. REALIDAD NAC. E INTE', 6),
(112, 'ANA402', 2011, 2, 4, 'ANA. REALIDAD NAC. E INTE', 5),
(113, 'ANA402', 2011, 2, 4, 'ANA. REALIDAD NAC. E INTE', 6),
(114, 'ANA402', 2012, 2, 4, 'ANA. REALIDAD NAC. E INTE', 5),
(115, 'ANA402', 2012, 2, 4, 'ANA. REALIDAD NAC. E INTE', 6),
(116, 'ANA402', 2013, 2, 4, 'ANA. REALIDAD NAC. E INTE', 5),
(117, 'ANA402', 2013, 2, 4, 'ANA. REALIDAD NAC. E INTE', 6),
(118, 'ANA402', 2014, 2, 4, 'ANA. REALIDAD NAC. E INTE', 5),
(119, 'ANA402', 2014, 2, 4, 'ANA. REALIDAD NAC. E INTE', 6),
(120, 'ANA402', 2015, 2, 4, 'ANA. REALIDAD NAC. E INTE', 5),
(121, 'ANA402', 2015, 2, 4, 'ANA. REALIDAD NAC. E INTE', 6),
(122, 'APC300', 2009, 0, 3, 'APOYO COMBATE I', 5),
(123, 'APC301', 2010, 1, 3, 'APOYO COMBATE I', 5),
(124, 'APC301', 2011, 1, 3, 'APOYO COMBATE I', 5),
(125, 'APC301', 2012, 1, 3, 'APOYO COMBATE I', 5),
(126, 'APC301', 2013, 1, 3, 'APOYO COMBATE I', 5),
(127, 'APC301', 2014, 1, 3, 'APOYO COMBATE I', 5),
(128, 'APC301', 2015, 1, 3, 'APOYO COMBATE I', 5),
(129, 'APC401', 2010, 1, 4, 'APOYO COMBATE III', 5),
(130, 'APC401', 2011, 1, 4, 'APOYO COMBATE III', 5),
(131, 'APC401', 2012, 1, 4, 'APOYO COMBATE III', 5),
(132, 'APC401', 2013, 1, 4, 'APOYO COMBATE III', 5),
(133, 'APC401', 2014, 1, 4, 'APOYO COMBATE III', 5),
(134, 'APC401', 2015, 1, 4, 'APOYO COMBATE III', 5),
(135, 'APL401', 2010, 1, 4, 'APLICACIONES COMPUTACIONA', 7),
(136, 'APL401', 2011, 1, 4, 'APLICACIONES COMPUTACIONA', 7),
(137, 'APL401', 2012, 1, 4, 'APLICACIONES COMPUTACIONA', 7),
(138, 'APL401', 2013, 1, 4, 'APLICACIONES COMPUTACIONA', 7),
(139, 'APL401', 2014, 1, 4, 'APLICACIONES COMPUTACIONA', 7),
(140, 'APL401', 2015, 1, 4, 'APLICACIONES COMPUTACIONA', 7),
(141, 'APO302', 2010, 2, 3, 'APOYO COMBATE II', 5),
(142, 'APO302', 2011, 2, 3, 'APOYO COMBATE II', 5),
(143, 'APO302', 2012, 2, 3, 'APOYO COMBATE II', 5),
(144, 'APO302', 2013, 2, 3, 'APOYO COMBATE II', 5),
(145, 'APO302', 2014, 2, 3, 'APOYO COMBATE II', 5),
(146, 'APO302', 2015, 2, 3, 'APOYO COMBATE II', 5),
(147, 'APO402', 2012, 2, 4, 'APOYO COMBATE IV', 5),
(148, 'APO402', 2013, 2, 4, 'APOYO COMBATE IV', 5),
(149, 'APO402', 2014, 2, 4, 'APOYO COMBATE IV', 5),
(150, 'APO402', 2015, 2, 4, 'APOYO COMBATE IV', 5),
(151, 'ARN402', 2010, 2, 4, 'ANALISIS REALIDAD NAC.', 8),
(152, 'ARN402', 2012, 2, 4, 'ANÁLISIS REALIDAD NACIO.', 8),
(153, 'ARN402', 2013, 2, 4, 'ANÁLISIS REALIDAD NACIO.', 8),
(154, 'ARN402', 2014, 2, 4, 'ANÁLISIS REALIDAD NACIO.', 8),
(155, 'ARN402', 2015, 2, 4, 'ANÁLISIS REALIDAD NACIO.', 8),
(156, 'ASC301', 2011, 1, 3, 'AP. SERV. COMBATE I', 5),
(157, 'ASC301', 2012, 1, 3, 'AP. SERV. COMBATE I', 5),
(158, 'ASC301', 2013, 1, 3, 'AP. SERV. COMBATE I', 5),
(159, 'ASC301', 2014, 1, 3, 'AP. SERV. COMBATE I', 5),
(160, 'ASC301', 2015, 1, 3, 'AP. SERV. COMBATE I', 5),
(161, 'ASC402', 2010, 2, 4, 'AP. SERV. COMBATE', 5),
(162, 'ASC402', 2011, 2, 4, 'AP. SERV. COMBATE', 5),
(163, 'CAL201', 2009, 1, 2, 'CÁLCULO I', 4),
(164, 'CAL201', 2009, 1, 2, 'CÁLCULO I AB.', 6),
(165, 'CAL201', 2009, 1, 2, 'CÁLCULO I', 7),
(166, 'CAL201', 2010, 1, 2, 'CÁLCULO I', 4),
(167, 'CAL201', 2010, 1, 2, 'CÁLCULO I AB.', 6),
(168, 'CAL201', 2010, 1, 2, 'CÁLCULO I', 7),
(169, 'CAL201', 2011, 1, 2, 'CÁLCULO I', 4),
(170, 'CAL201', 2011, 1, 2, 'CÁLCULO I AB.', 6),
(171, 'CAL201', 2011, 1, 2, 'CÁLCULO I', 7),
(172, 'CAL201', 2012, 1, 2, 'CÁLCULO I', 4),
(173, 'CAL201', 2012, 1, 2, 'CÁLCULO I AB.', 6),
(174, 'CAL201', 2012, 1, 2, 'CÁLCULO I', 7),
(175, 'CAL201', 2013, 1, 2, 'CALCULO I', 3),
(176, 'CAL201', 2013, 1, 2, 'CÁLCULO I', 4),
(177, 'CAL201', 2013, 1, 2, 'CÁLCULO I AB.', 6),
(178, 'CAL201', 2013, 1, 2, 'CÁLCULO I', 7),
(179, 'CAL201', 2014, 1, 2, 'CALCULO I', 3),
(180, 'CAL201', 2014, 1, 2, 'CÁLCULO I', 4),
(181, 'CAL201', 2014, 1, 2, 'CÁLCULO I AB.', 6),
(182, 'CAL201', 2014, 1, 2, 'CÁLCULO I', 7),
(183, 'CAL201', 2015, 1, 2, 'CALCULO I', 3),
(184, 'CAL201', 2015, 1, 2, 'CÁLCULO I', 4),
(185, 'CAL201', 2015, 1, 2, 'CÁLCULO I AB.', 6),
(186, 'CAL201', 2015, 1, 2, 'CÁLCULO I', 7),
(187, 'CAL202', 2009, 2, 2, 'CÁLCULO II', 4),
(188, 'CAL202', 2009, 2, 2, 'CALCULO I', 5),
(189, 'CAL202', 2009, 2, 2, 'CÁLCULO II AB.', 6),
(190, 'CAL202', 2009, 2, 2, 'CÁLCULO II LT.', 7),
(191, 'CAL202', 2010, 2, 2, 'CÁLCULO II', 4),
(192, 'CAL202', 2010, 2, 2, 'CALCULO I', 5),
(193, 'CAL202', 2010, 2, 2, 'CÁLCULO II AB.', 6),
(194, 'CAL202', 2010, 2, 2, 'CÁLCULO II LT', 7),
(195, 'CAL202', 2011, 2, 2, 'CÁLCULO II', 4),
(196, 'CAL202', 2011, 2, 2, 'CALCULO I', 5),
(197, 'CAL202', 2011, 2, 2, 'CÁLCULO II AB.', 6),
(198, 'CAL202', 2011, 2, 2, 'CÁLCULO II LT', 7),
(199, 'CAL202', 2012, 2, 2, 'CÁLCULO II', 4),
(200, 'CAL202', 2012, 2, 2, 'CALCULO I', 5),
(201, 'CAL202', 2012, 2, 2, 'CÁLCULO II AB.', 6),
(202, 'CAL202', 2012, 2, 2, 'CÁLCULO II LT', 7),
(203, 'CAL202', 2013, 2, 2, 'CALCULO II', 3),
(204, 'CAL202', 2013, 2, 2, 'CÁLCULO II', 4),
(205, 'CAL202', 2013, 2, 2, 'CALCULO I', 5),
(206, 'CAL202', 2013, 2, 2, 'CÁLCULO II AB.', 6),
(207, 'CAL202', 2013, 2, 2, 'CÁLCULO II LT', 7),
(208, 'CAL202', 2014, 2, 2, 'CALCULO II', 3),
(209, 'CAL202', 2014, 2, 2, 'CÁLCULO II', 4),
(210, 'CAL202', 2014, 2, 2, 'CALCULO I', 5),
(211, 'CAL202', 2014, 2, 2, 'CÁLCULO II AB.', 6),
(212, 'CAL202', 2014, 2, 2, 'CÁLCULO II LT', 7),
(213, 'CAL202', 2015, 2, 2, 'CALCULO II', 3),
(214, 'CAL202', 2015, 2, 2, 'CÁLCULO II', 4),
(215, 'CAL202', 2015, 2, 2, 'CALCULO I', 5),
(216, 'CAL202', 2015, 2, 2, 'CÁLCULO II AB.', 6),
(217, 'CAL202', 2015, 2, 2, 'CÁLCULO II LT', 7),
(218, 'CAL301', 2009, 1, 3, 'CÁLCULO III', 4),
(219, 'CAL301', 2010, 1, 3, 'CÁLCULO III', 4),
(220, 'CAL301', 2011, 1, 3, 'CÁLCULO III', 4),
(221, 'CAL301', 2012, 1, 3, 'CÁLCULO III', 4),
(222, 'CAL301', 2013, 1, 3, 'CÁLCULO III', 4),
(223, 'CAL301', 2014, 1, 3, 'CÁLCULO III', 4),
(224, 'CAL301', 2015, 1, 3, 'CÁLCULO III', 4),
(225, 'CAL401', 2009, 1, 4, 'CÁLCULO III', 4),
(226, 'CAO401', 2010, 1, 4, 'CALOR Y ONDAS', 4),
(227, 'CAO401', 2011, 1, 4, 'CALOR Y ONDAS', 4),
(228, 'CAO401', 2012, 1, 4, 'CALOR Y ONDAS', 4),
(229, 'CAO401', 2013, 1, 4, 'CALOR Y ONDAS', 4),
(230, 'CAO401', 2014, 1, 4, 'CALOR Y ONDAS', 4),
(231, 'CAO401', 2015, 1, 4, 'CALOR Y ONDAS', 4),
(232, 'CAS101', 2009, 1, 1, 'LENGUA CASTELLAN Y COMUNI', 1),
(233, 'CAS101', 2010, 1, 1, 'LENGUA CASTELLAN Y COMUNI', 1),
(234, 'CAS101', 2011, 1, 1, 'LENGUA CASTELLAN Y COMUNI', 1),
(235, 'CAS101', 2012, 1, 1, 'LENGUA CASTELLAN Y COMUNI', 2),
(236, 'CAS101', 2013, 1, 1, 'LENGUA CASTELLAN Y COMUNI', 2),
(237, 'CAS101', 2014, 1, 1, 'LENGUA CASTELLAN Y COMUNI', 2),
(238, 'CAS101', 2015, 1, 1, 'LENGUA CASTELLAN Y COMUNI', 2),
(239, 'CCA201', 2009, 1, 2, 'CURSO COMBATIENTE ANFIBIO', 5),
(240, 'CCA201', 2010, 1, 2, 'CURSO COMBATIENTE ANFIBIO', 5),
(241, 'CCA201', 2011, 1, 2, 'CURSO COMBATIENTE ANFIBIO', 5),
(242, 'CCA201', 2012, 1, 2, 'CURSO COMBAT. BASICO ANFI', 5),
(243, 'CCA201', 2013, 1, 2, 'CURSO COMBAT. BASICO ANFI', 5),
(244, 'CCA201', 2014, 1, 2, 'CURSO COMBAT. BASICO ANFI', 5),
(245, 'CCA201', 2015, 1, 2, 'CURSO COMBAT. BASICO ANFI', 5),
(246, 'CHI301', 2012, 1, 3, 'CHILE HIST. Y SOBERANIA', 6),
(247, 'CHI301', 2012, 1, 3, 'CHILE HISTORIA Y SOBERANÍ', 7),
(248, 'CHI301', 2013, 1, 3, 'CHILE HIST. Y SOBERANIA', 6),
(249, 'CHI301', 2013, 1, 3, 'CHILE HISTORIA Y SOBERANÍ', 7),
(250, 'CHI301', 2014, 1, 3, 'CHILE HIST. Y SOBERANIA', 6),
(251, 'CHI301', 2014, 1, 3, 'CHILE HISTORIA Y SOBERANÍ', 7),
(252, 'CHI301', 2015, 1, 3, 'CHILE HIST. Y SOBERANIA', 6),
(253, 'CHI301', 2015, 1, 3, 'CHILE HISTORIA Y SOBERANÍ', 7),
(254, 'CHI302', 2012, 2, 3, 'CHILE HISTORIA Y SOBERANI', 4),
(255, 'CHI302', 2013, 2, 3, 'CHILE HISTORIA Y SOBERANI', 4),
(256, 'CHI302', 2014, 2, 3, 'CHILE HISTORIA Y SOBERANI', 4),
(257, 'CHI302', 2015, 2, 3, 'CHILE HISTORIA Y SOBERANI', 4),
(258, 'CHS401', 2013, 1, 4, 'CHILE HISTORIA Y SOB.', 5),
(259, 'CHS401', 2014, 1, 4, 'CHILE HISTORIA Y SOB.', 5),
(260, 'CHS401', 2015, 1, 4, 'CHILE HISTORIA Y SOB.', 5),
(261, 'CIE302', 2009, 2, 3, 'CIRCUITO ELECTRICO', 4),
(262, 'CIE302', 2010, 2, 3, 'CIRCUITO ELECTRICO', 4),
(263, 'CIE302', 2011, 2, 3, 'CIRCUITO ELECTRICO', 4),
(264, 'CIE302', 2012, 2, 3, 'CIRCUITO ELECTRICO', 4),
(265, 'CIE302', 2013, 2, 3, 'CIRCUITO ELECTRICO', 4),
(266, 'CIE302', 2014, 2, 3, 'CIRCUITO ELECTRICO', 4),
(267, 'CIE302', 2015, 2, 3, 'CIRCUITO ELECTRICO', 4),
(268, 'CNP402', 2012, 2, 4, 'CEREMONIAL NAVAL Y PROT.', 8),
(269, 'CNP402', 2013, 2, 4, 'CEREMONIAL NAVAL Y PROT.', 8),
(270, 'CNP402', 2014, 2, 4, 'CEREMONIAL NAVAL Y PROT.', 8),
(271, 'COF301', 2009, 1, 3, 'CONTABILIDAD Y FINANZAS', 7),
(272, 'COF301', 2010, 1, 3, 'CONTABILIDAD Y FINANZAS', 7),
(273, 'COF301', 2011, 1, 3, 'CONTABILIDAD Y FINANZAS', 7),
(274, 'COF301', 2012, 1, 3, 'CONTABILIDAD Y FINANZAS', 7),
(275, 'COF301', 2013, 1, 3, 'CONTABILIDAD Y FINANZAS', 7),
(276, 'COF301', 2014, 1, 3, 'CONTABILIDAD Y FINANZAS', 7),
(277, 'COF301', 2015, 1, 3, 'CONTABILIDAD Y FINANZAS', 7),
(278, 'COM302', 2011, 2, 3, 'COMUNICACIONES IM', 5),
(279, 'COM302', 2012, 2, 3, 'COMUNICACIONES IM', 5),
(280, 'COM302', 2013, 2, 3, 'COMUNICACIONES IM', 5),
(281, 'COM302', 2014, 2, 3, 'COMUNICACIONES IM', 5),
(282, 'COM302', 2015, 2, 3, 'COMUNICACIONES IM', 5),
(283, 'COM401', 2009, 1, 4, 'COM. Y RELAC. PÚBLICAS', 7),
(284, 'COM401', 2010, 1, 4, 'COMUNICACIONES', 5),
(285, 'COM401', 2010, 1, 4, 'COM. Y RELAC. PÚBLICAS', 7),
(286, 'COM402', 2011, 2, 4, 'COMUNICACIÓN IM', 5),
(287, 'COM402', 2011, 2, 4, 'COMUNICACIONES Y RR.PP', 7),
(288, 'COM402', 2012, 2, 4, 'COMUNICACIONES Y RR.PP', 7),
(289, 'COM402', 2013, 2, 4, 'COMUNICACIONES Y RR.PP', 7),
(290, 'COM402', 2014, 2, 4, 'COMUNICACIONES Y RR.PP', 7),
(291, 'COM402', 2015, 2, 4, 'COMUNICACIONES Y RR.PP', 7),
(292, 'CON201', 2009, 1, 2, 'CONTABILIDAD I', 6),
(293, 'CON201', 2010, 1, 2, 'CONTABILIDAD I', 6),
(294, 'CON201', 2011, 1, 2, 'CONTABILIDAD I', 6),
(295, 'CON201', 2012, 1, 2, 'CONTABILIDAD I', 6),
(296, 'CON201', 2013, 1, 2, 'CONTABILIDAD I', 6),
(297, 'CON201', 2014, 1, 2, 'CONTABILIDAD I', 6),
(298, 'CON201', 2015, 1, 2, 'CONTABILIDAD I', 6),
(299, 'CON202', 2009, 2, 2, 'CONTABILIDAD II', 6),
(300, 'CON202', 2010, 2, 2, 'CONTABILIDAD II', 6),
(301, 'CON202', 2011, 2, 2, 'CONTABILIDAD II', 6),
(302, 'CON202', 2012, 2, 2, 'CONTABILIDAD II', 6),
(303, 'CON202', 2013, 2, 2, 'CONTABILIDAD II', 6),
(304, 'CON202', 2014, 2, 2, 'CONTABILIDAD II', 6),
(305, 'CON202', 2015, 2, 2, 'CONTABILIDAD II', 6),
(306, 'COS301', 2009, 1, 3, 'COSTOS', 6),
(307, 'COS301', 2010, 1, 3, 'COSTOS', 6),
(308, 'COS301', 2011, 1, 3, 'COSTOS', 6),
(309, 'COS301', 2012, 1, 3, 'COSTOS', 6),
(310, 'COS302', 2013, 2, 3, 'COSTOS', 6),
(311, 'COS302', 2014, 2, 3, 'COSTOS', 6),
(312, 'COS302', 2015, 2, 3, 'COSTOS', 6),
(313, 'DER302', 2009, 2, 3, 'DERECHO', 7),
(314, 'DER302', 2010, 2, 3, 'DERECHO', 7),
(315, 'DER401', 2009, 1, 4, 'DERECHO', 4),
(316, 'DER401', 2009, 1, 4, 'DERECHO', 5),
(317, 'DER401', 2009, 1, 4, 'DERECHO', 7),
(318, 'DER401', 2010, 1, 4, 'DERECHO', 4),
(319, 'DER401', 2010, 1, 4, 'DERECHO', 5),
(320, 'DER401', 2010, 1, 4, 'DERECHO', 6),
(321, 'DER401', 2011, 1, 4, 'DERECHO', 5),
(322, 'DER401', 2011, 1, 4, 'DERECHO', 6),
(323, 'DER401', 2012, 1, 4, 'DERECHO', 6),
(324, 'DER401', 2012, 1, 4, 'DERECHO', 7),
(325, 'DER401', 2013, 1, 4, 'DERECHO', 6),
(326, 'DER401', 2013, 1, 4, 'DERECHO', 7),
(327, 'DER401', 2014, 1, 4, 'DERECHO', 6),
(328, 'DER401', 2014, 1, 4, 'DERECHO', 7),
(329, 'DER401', 2015, 1, 4, 'DERECHO', 6),
(330, 'DER401', 2015, 1, 4, 'DERECHO', 7),
(331, 'DER402', 2009, 2, 4, 'DERECHO', 6),
(332, 'DER402', 2011, 2, 4, 'DERECHO', 4),
(333, 'DER402', 2012, 2, 4, 'DERECHO', 4),
(334, 'DER402', 2012, 2, 4, 'DERECHO', 5),
(335, 'DER402', 2012, 2, 4, 'DERECHO', 8),
(336, 'DER402', 2013, 2, 4, 'DERECHO', 4),
(337, 'DER402', 2013, 2, 4, 'DERECHO', 5),
(338, 'DER402', 2013, 2, 4, 'DERECHO', 8),
(339, 'DER402', 2014, 2, 4, 'DERECHO', 4),
(340, 'DER402', 2014, 2, 4, 'DERECHO', 5),
(341, 'DER402', 2014, 2, 4, 'DERECHO', 8),
(342, 'DER402', 2015, 2, 4, 'DERECHO', 4),
(343, 'DER402', 2015, 2, 4, 'DERECHO', 5),
(344, 'ECO401', 2011, 1, 4, 'INT. A LA ECONOMÍA', 5),
(345, 'ECO401', 2012, 1, 4, 'INT. A LA ECONOMÍA', 5),
(346, 'ECO401', 2013, 1, 4, 'INT. A LA ECONOMÍA', 5),
(347, 'ECO401', 2014, 1, 4, 'INT. A LA ECONOMÍA', 5),
(348, 'ECO401', 2015, 1, 4, 'INT. A LA ECONOMÍA', 5),
(349, 'ECO402', 2009, 2, 4, 'INTRADUC. A LA ECONOMÍA', 4),
(350, 'ECO402', 2009, 2, 4, 'INTRODUCCIÓN A LA ECONOMÍ', 5),
(351, 'ECO402', 2010, 2, 4, 'INTRADUC. A LA ECONOMÍA', 4),
(352, 'ECO402', 2010, 2, 4, 'INTRODUCCIÓN A LA ECONOMÍ', 5),
(353, 'ECO402', 2011, 2, 4, 'INTRODUC. A LA ECONOMÍA', 4),
(354, 'ECO402', 2012, 2, 4, 'INTRODUC. A LA ECONOMÍA', 4),
(355, 'ECO402', 2013, 2, 4, 'INTRODUC. A LA ECONOMÍA', 4),
(356, 'ECO402', 2014, 2, 4, 'INTRODUC. A LA ECONOMÍA', 4),
(357, 'ECO402', 2015, 2, 4, 'INTRODUC. A LA ECONOMÍA', 4),
(358, 'EDF302', 2009, 2, 3, 'ECUACIONES DIFERENCIALES', 4),
(359, 'EDF302', 2010, 2, 3, 'ECUACIONES DIFERENCIALES', 4),
(360, 'EDF302', 2011, 2, 3, 'ECUACIONES DIFERENCIALES', 4),
(361, 'EDF302', 2012, 2, 3, 'ECUACIONES DIFERENCIALES', 4),
(362, 'EDF302', 2013, 2, 3, 'ECUACIONES DIFERENCIALES', 4),
(363, 'EDF302', 2014, 2, 3, 'ECUACIONES DIFERENCIALES', 4),
(364, 'EDF302', 2015, 2, 3, 'ECUACIONES DIFERENCIALES', 4),
(365, 'ELC402', 2010, 2, 4, 'ELECTRÓNICA I', 4),
(366, 'ELC402', 2011, 2, 4, 'ELECTRÓNICA I', 4),
(367, 'ELC402', 2012, 2, 4, 'ELECTRÓNICA I', 4),
(368, 'ELC402', 2013, 2, 4, 'ELECTRÓNICA I', 4),
(369, 'ELC402', 2014, 2, 4, 'ELECTRÓNICA I', 4),
(370, 'ELC402', 2015, 2, 4, 'ELECTRÓNICA I', 4),
(371, 'ELE201', 2010, 1, 2, 'ELECTROTECNIA LT', 7),
(372, 'ELE201', 2011, 1, 2, 'ELECTROTECNIA', 5),
(373, 'ELE201', 2011, 1, 2, 'ELECTROTECNIA LT', 7),
(374, 'ELE201', 2012, 1, 2, 'ELECTROTECNIA', 5),
(375, 'ELE201', 2012, 1, 2, 'ELECTROTECNIA LT', 7),
(376, 'ELE201', 2013, 1, 2, 'ELECTROTECNIA', 5),
(377, 'ELE201', 2013, 1, 2, 'ELECTROTECNIA LT', 7),
(378, 'ELE201', 2014, 1, 2, 'ELECTROTECNIA', 5),
(379, 'ELE201', 2014, 1, 2, 'ELECTROTECNIA LT', 7),
(380, 'ELE201', 2015, 1, 2, 'ELECTROTECNIA', 5),
(381, 'ELE201', 2015, 1, 2, 'ELECTROTECNIA LT', 7),
(382, 'ELE202', 2009, 2, 2, 'ELECTROTECNIA LT.', 7),
(383, 'ELE301', 2009, 1, 3, 'ELECTROTECNIA IM.', 5),
(384, 'ELE301', 2010, 1, 3, 'ELECTROTECNIA IM.', 5),
(385, 'ELE301', 2011, 1, 3, 'ELECTROTECNIA IM.', 5),
(386, 'ELE402', 2009, 2, 4, 'ELECTROTECNIA', 4),
(387, 'ELM301', 2009, 1, 3, 'ELECTROMAGNETISMO', 4),
(388, 'ELM301', 2010, 1, 3, 'ELECTROMAGNETISMO', 4),
(389, 'ELM301', 2011, 1, 3, 'ELECTROMAGNETISMO', 4),
(390, 'ELM301', 2012, 1, 3, 'ELECTROMAGNETISMO', 4),
(391, 'ELM301', 2013, 1, 3, 'ELECTROMAGNETISMO', 4),
(392, 'ELM301', 2014, 1, 3, 'ELECTROMAGNETISMO', 4),
(393, 'ELM301', 2015, 1, 3, 'ELECTROMAGNETISMO', 4),
(394, 'EST301', 2009, 1, 3, 'ESTABILIDAD Y ESTIBA', 7),
(395, 'EST301', 2010, 1, 3, 'ESTABILIDAD Y ESTIBA', 7),
(396, 'EST301', 2011, 1, 3, 'ESTABILIDAD Y ESTIBA', 7),
(397, 'EST301', 2012, 1, 3, 'ESTABILIDAD Y ESTIBA I', 7),
(398, 'EST301', 2013, 1, 3, 'ESTABILIDAD Y ESTIBA I', 7),
(399, 'EST301', 2014, 1, 3, 'ESTABILIDAD Y ESTIBA I', 7),
(400, 'EST301', 2015, 1, 3, 'ESTABILIDAD Y ESTIBA I', 7),
(401, 'EST302', 2012, 2, 3, 'ESTABILIDAD Y ESTIBA II', 7),
(402, 'EST302', 2013, 2, 3, 'ESTABILIDAD Y ESTIBA II', 7),
(403, 'EST302', 2014, 2, 3, 'ESTABILIDAD Y ESTIBA II', 7),
(404, 'EST302', 2015, 2, 3, 'ESTABILIDAD Y ESTIBA II', 7),
(405, 'ETI101', 2009, 1, 1, 'ÉTICA Y MORAL', 1),
(406, 'ETI101', 2010, 1, 1, 'ÉTICA Y MORAL', 1),
(407, 'ETI201', 2012, 1, 2, 'ÉTICA Y MORAL', 4),
(408, 'ETI201', 2013, 1, 2, 'ÉTICA Y MORAL', 4),
(409, 'ETI201', 2014, 1, 2, 'ÉTICA Y MORAL', 4),
(410, 'ETI201', 2015, 1, 2, 'ÉTICA Y MORAL', 4),
(411, 'ETI202', 2012, 2, 2, 'ÉTICA Y MORAL', 5),
(412, 'ETI202', 2012, 2, 2, 'ETICA Y MORAL', 6),
(413, 'ETI202', 2012, 2, 2, 'ETICA Y MORAL', 7),
(414, 'ETI202', 2013, 2, 2, 'ETICA Y MORAL', 3),
(415, 'ETI202', 2013, 2, 2, 'ÉTICA Y MORAL', 5),
(416, 'ETI202', 2013, 2, 2, 'ETICA Y MORAL', 6),
(417, 'ETI202', 2013, 2, 2, 'ETICA Y MORAL', 7),
(418, 'ETI202', 2014, 2, 2, 'ETICA Y MORAL', 3),
(419, 'ETI202', 2014, 2, 2, 'ÉTICA Y MORAL', 5),
(420, 'ETI202', 2014, 2, 2, 'ETICA Y MORAL', 6),
(421, 'ETI202', 2014, 2, 2, 'ETICA Y MORAL', 7),
(422, 'ETI202', 2015, 2, 2, 'ETICA Y MORAL', 3),
(423, 'ETI202', 2015, 2, 2, 'ÉTICA Y MORAL', 5),
(424, 'ETI202', 2015, 2, 2, 'ETICA Y MORAL', 6),
(425, 'ETI202', 2015, 2, 2, 'ETICA Y MORAL', 7),
(426, 'ETM402', 2012, 2, 4, 'ÉTICA Y MORAL', 8),
(427, 'ETM402', 2013, 2, 4, 'ÉTICA Y MORAL', 8),
(428, 'ETM402', 2014, 2, 4, 'ÉTICA Y MORAL', 8),
(429, 'FDI202', 2010, 2, 2, 'FUNDAMENTO INGENIERIA', 7),
(430, 'FDI202', 2011, 2, 2, 'FUNDAMENTO INGENIERIA', 7),
(431, 'FDI202', 2012, 2, 2, 'FUNDAMENTO INGENIERIA', 7),
(432, 'FDI202', 2013, 2, 2, 'FUNDAMENTO INGENIERIA', 7),
(433, 'FDI202', 2014, 2, 2, 'FUNDAMENTO INGENIERIA', 7),
(434, 'FDI202', 2015, 2, 2, 'FUNDAMENTO INGENIERIA', 7),
(435, 'FDT401', 2010, 1, 4, 'FUNDAMENTOS ÉTICOS', 8),
(436, 'FEM401', 2015, 1, 4, 'FUND. ETICOS DEL MANDO', 8),
(437, 'FIL101', 2011, 1, 1, 'FILOSOFÍA', 1),
(438, 'FIL101', 2012, 1, 1, 'FILOSOFÍA', 2),
(439, 'FIL101', 2013, 1, 1, 'FILOSOFÍA', 2),
(440, 'FIL101', 2014, 1, 1, 'FILOSOFÍA', 2),
(441, 'FIL101', 2015, 1, 1, 'FILOSOFÍA', 2),
(442, 'FIL201', 2009, 1, 2, 'FILOSOFÍA', 4),
(443, 'FIL201', 2010, 1, 2, 'FILOSOFÍA', 4),
(444, 'FIL201', 2011, 1, 2, 'FILOSOFÍA', 6),
(445, 'FIL201', 2011, 1, 2, 'FILOSOFÍA', 7),
(446, 'FIL202', 2009, 2, 2, 'FILOSOFÍA', 5),
(447, 'FIL202', 2009, 2, 2, 'FILOSOFÍA', 6),
(448, 'FIL202', 2009, 2, 2, 'FILOSOFÍA', 7),
(449, 'FIL202', 2010, 2, 2, 'FILOSOFÍA', 5),
(450, 'FIL202', 2010, 2, 2, 'FILOSOFÍA', 6),
(451, 'FIL202', 2010, 2, 2, 'FILOSOFÍA', 7),
(452, 'FIL202', 2011, 2, 2, 'FILOSOFIA', 4),
(453, 'FIL202', 2011, 2, 2, 'FILOSOFÍA', 5),
(454, 'FIL202', 2013, 2, 2, 'FILOSOFÍA', 3),
(455, 'FIL202', 2014, 2, 2, 'FILOSOFÍA', 3),
(456, 'FIL202', 2015, 2, 2, 'FILOSOFÍA', 3),
(457, 'FIM201', 2009, 1, 2, 'FÍSICA MECÁNICA', 4),
(458, 'FIM201', 2010, 1, 2, 'FÍSICA MECÁNICA', 4),
(459, 'FIM201', 2011, 1, 2, 'FÍSICA MECÁNICA', 4),
(460, 'FIM201', 2012, 1, 2, 'FÍSICA MECÁNICA', 4),
(461, 'FIM201', 2013, 1, 2, 'FISICA MECANICA', 3),
(462, 'FIM201', 2013, 1, 2, 'FÍSICA MECÁNICA', 4),
(463, 'FIM201', 2014, 1, 2, 'FISICA MECANICA', 3),
(464, 'FIM201', 2014, 1, 2, 'FÍSICA MECÁNICA', 4),
(465, 'FIM201', 2015, 1, 2, 'FISICA MECANICA', 3),
(466, 'FIM201', 2015, 1, 2, 'FÍSICA MECÁNICA', 4),
(467, 'FIN201', 2009, 1, 2, 'FUNDAMENTOS DE INGENIERÍA', 6),
(468, 'FIN201', 2009, 1, 2, 'FUNDAMENTOS DE INGENIERÍA', 7),
(469, 'FIN201', 2010, 1, 2, 'FUNDAMENTOS DE INGENIERÍA', 6),
(470, 'FIN201', 2011, 1, 2, 'FUNDAMENTOS DE INGENIERÍA', 6),
(471, 'FIN201', 2012, 1, 2, 'FUNDAMENTOS DE INGENIERÍA', 6),
(472, 'FIN201', 2013, 1, 2, 'FUNDAMENTOS DE INGENIERÍA', 6),
(473, 'FIN201', 2014, 1, 2, 'FUNDAMENTOS DE INGENIERÍA', 6),
(474, 'FIN201', 2015, 1, 2, 'FUNDAMENTOS DE INGENIERÍA', 6),
(475, 'FIN401', 2010, 1, 4, 'FINANZAS', 6),
(476, 'FIN401', 2011, 1, 4, 'FINANZAS', 6),
(477, 'FIN401', 2012, 1, 4, 'FINANZAS', 6),
(478, 'FIN401', 2013, 1, 4, 'FINANZAS', 6),
(479, 'FIN401', 2014, 1, 4, 'FINANZAS', 6),
(480, 'FIN401', 2015, 1, 4, 'FINANZAS', 6),
(481, 'FIP402', 2010, 2, 4, 'FINANZAS PÚBLICAS', 6),
(482, 'FIP402', 2011, 2, 4, 'FINANZAS PÚBLICAS', 6),
(483, 'FIP402', 2012, 2, 4, 'FINANZAS PÚBLICAS', 6),
(484, 'FIP402', 2013, 2, 4, 'FINANZAS PÚBLICAS', 6),
(485, 'FIP402', 2014, 2, 4, 'FINANZAS PÚBLICAS', 6),
(486, 'FIP402', 2015, 2, 4, 'FINANZAS PÚBLICAS', 6),
(487, 'FIS100', 2012, 0, 1, 'FÍSICA GENERAL', 1),
(488, 'FIS100', 2013, 0, 1, 'FÍSICA GENERAL', 1),
(489, 'FIS100', 2014, 0, 1, 'FÍSICA GENERAL', 1),
(490, 'FIS100', 2015, 0, 1, 'FÍSICA GENERAL', 1),
(491, 'FIS102', 2009, 2, 1, 'FÍSICA', 1),
(492, 'FIS102', 2010, 2, 1, 'FÍSICA', 1),
(493, 'FIS102', 2011, 2, 1, 'FÍSICA', 1),
(494, 'FIS102', 2012, 2, 1, 'FÍSICA', 2),
(495, 'FIS102', 2013, 2, 1, 'FÍSICA', 2),
(496, 'FIS102', 2014, 2, 1, 'FÍSICA', 2),
(497, 'FIS102', 2015, 2, 1, 'FÍSICA', 2),
(498, 'FIS201', 2009, 1, 2, 'FISICA APLICADA', 5),
(499, 'FIS202', 2010, 2, 2, 'FÍSICA', 5),
(500, 'FIS202', 2011, 2, 2, 'FÍSICA APLICADA IM', 5),
(501, 'FIS202', 2012, 2, 2, 'FÍSICA APLICADA IM', 5),
(502, 'FIS202', 2013, 2, 2, 'FÍSICA APLICADA IM', 5),
(503, 'FIS202', 2014, 2, 2, 'FÍSICA APLICADA IM', 5),
(504, 'FIS202', 2015, 2, 2, 'FÍSICA APLICADA IM', 5),
(505, 'FLP100', 2012, 0, 1, 'FILOSOFÍA Y PSICOLOGÍA', 1),
(506, 'FLP100', 2013, 0, 1, 'FILOSOFÍA Y PSICOLOGÍA', 1),
(507, 'FLP100', 2014, 0, 1, 'FILOSOFÍA Y PSICOLOGÍA', 1),
(508, 'FLP100', 2015, 0, 1, 'FILOSOFÍA Y PSICOLOGÍA', 1),
(509, 'FNV100', 2012, 0, 1, 'FUNDAMENTOS NAVALES', 1),
(510, 'FNV100', 2013, 0, 1, 'FUNDAMENTOS NAVALES', 1),
(511, 'FNV100', 2014, 0, 1, 'FUNDAMENTOS NAVALES', 1),
(512, 'FNV100', 2015, 0, 1, 'FUNDAMENTOS NAVALES', 1),
(513, 'FUI202', 2009, 2, 2, 'FUNDAMENTOS DE INGENIERÍA', 4),
(514, 'FUI202', 2010, 2, 2, 'FUNDAMENTOS DE INGENIERÍA', 4),
(515, 'FUI202', 2011, 2, 2, 'FUNDAMENTOS DE INGENIERÍA', 4),
(516, 'FUI202', 2012, 2, 2, 'FUNDAMENTOS DE INGENIERÍA', 4),
(517, 'FUI202', 2013, 2, 2, 'FUNDAMENTOS DE INGENIERIA', 3),
(518, 'FUI202', 2013, 2, 2, 'FUNDAMENTOS DE INGENIERÍA', 4),
(519, 'FUI202', 2014, 2, 2, 'FUNDAMENTOS DE INGENIERIA', 3),
(520, 'FUI202', 2014, 2, 2, 'FUNDAMENTOS DE INGENIERÍA', 4),
(521, 'FUI202', 2015, 2, 2, 'FUNDAMENTOS DE INGENIERIA', 3),
(522, 'FUI202', 2015, 2, 2, 'FUNDAMENTOS DE INGENIERÍA', 4),
(523, 'FUN101', 2009, 1, 1, 'FUNDAMENTOS NAVALES', 1),
(524, 'FUN101', 2010, 1, 1, 'FUNDAMENTOS NAVALES', 1),
(525, 'FUN101', 2011, 1, 1, 'FUNDAMENTOS NAVALES I', 1),
(526, 'FUN101', 2012, 1, 1, 'FUNDAMENTOS NAVALES I', 2),
(527, 'FUN101', 2013, 1, 1, 'FUNDAMENTOS NAVALES I', 2),
(528, 'FUN101', 2014, 1, 1, 'FUNDAMENTOS NAVALES I', 2),
(529, 'FUN101', 2015, 1, 1, 'FUNDAMENTOS NAVALES I', 2),
(530, 'FUN102', 2009, 2, 1, 'FUNDAMENTOS NAVALES II', 1),
(531, 'FUN102', 2010, 2, 1, 'FUNDAMENTOS NAVALES II', 1),
(532, 'FUN102', 2011, 2, 1, 'FUNDAMENTOS NAVALES II', 1),
(533, 'FUN102', 2012, 2, 1, 'FUNDAMENTOS NAVALES II', 2),
(534, 'FUN102', 2013, 2, 1, 'FUNDAMENTOS NAVALES II', 2),
(535, 'FUN102', 2014, 2, 1, 'FUNDAMENTOS NAVALES II', 2),
(536, 'FUN102', 2015, 2, 1, 'FUNDAMENTOS NAVALES II', 2),
(537, 'FUN201', 2010, 1, 2, 'FUNDAMENTOS DE INGENIERÍA', 5),
(538, 'FUN201', 2011, 1, 2, 'FUNDAMENTOS DE INGENIERÍA', 5),
(539, 'FUN201', 2012, 1, 2, 'FUNDAMENTOS DE INGENIERÍA', 5),
(540, 'FUN201', 2013, 1, 2, 'FUND. DE INGENIERÍA IM', 5),
(541, 'FUN201', 2014, 1, 2, 'FUND. DE INGENIERÍA IM', 5),
(542, 'FUN201', 2015, 1, 2, 'FUND. DE INGENIERÍA IM', 5),
(543, 'FUN202', 2009, 2, 2, 'FUNDAMENTOS DE INGENIERIA', 5),
(544, 'GEO101', 2009, 1, 1, 'GEOGRAFÍA MARÍTIMA', 1),
(545, 'GEO101', 2010, 1, 1, 'GEOGRAFÍA MARÍTIMA', 1),
(546, 'GEO101', 2011, 1, 1, 'GEOGRAFÍA MARÍTIMA', 1),
(547, 'GEO101', 2012, 1, 1, 'GEOGRAFÍA MARÍTIMA', 2),
(548, 'GEO101', 2013, 1, 1, 'GEOGRAFÍA MARÍTIMA', 2),
(549, 'GEO101', 2014, 1, 1, 'GEOGRAFÍA MARÍTIMA', 2),
(550, 'GEO101', 2015, 1, 1, 'GEOGRAFÍA MARÍTIMA', 2),
(551, 'GEO201', 2013, 1, 2, 'GEOGRAFÍA MARÍTIMA', 3),
(552, 'GEO201', 2014, 1, 2, 'GEOGRAFÍA MARÍTIMA', 3),
(553, 'GEO201', 2015, 1, 2, 'GEOGRAFÍA MARÍTIMA', 3),
(554, 'HAB102', 2009, 2, 1, 'HABILIDADES LINGUÍSTICAS', 1),
(555, 'HAB102', 2010, 2, 1, 'HABILIDADES LINGUÍSTICAS', 1),
(556, 'HAB102', 2011, 2, 1, 'HABILIDADES LINGUÍSTICAS', 1),
(557, 'HAB102', 2012, 2, 1, 'HABILIDADES LINGUÍSTICAS', 2),
(558, 'HAB102', 2013, 2, 1, 'HABILID.LINGUÍSTICAS I', 2),
(559, 'HAB102', 2014, 2, 1, 'HABILID.LINGUÍSTICAS I', 2),
(560, 'HAB102', 2015, 2, 1, 'HABILID.LINGUÍSTICAS I', 2),
(561, 'HAB201', 2009, 1, 2, 'HABILIDADES LINGUÍSTICAS', 4),
(562, 'HAB201', 2010, 1, 2, 'HABILIDADES LINGUÍSTICAS', 4),
(563, 'HAB201', 2011, 1, 2, 'HABILIDADES LINGUÍSTICAS', 4),
(564, 'HAB201', 2012, 1, 2, 'HABILIDADES LINGUÍSTICAS', 4),
(565, 'HAB201', 2013, 1, 2, 'HABI. LINGUÍSTICAS II', 4),
(566, 'HAB201', 2014, 1, 2, 'HABI. LINGUÍSTICAS II', 4),
(567, 'HAB201', 2015, 1, 2, 'HABI. LINGUÍSTICAS II', 4),
(568, 'HAB202', 2009, 2, 2, 'HABILIDADES LING. II', 5),
(569, 'HAB202', 2009, 2, 2, 'HABILIDADES LINGUÍSTICAS', 6),
(570, 'HAB202', 2009, 2, 2, 'HABILIDADES LINGUISTICAS', 7),
(571, 'HAB202', 2010, 2, 2, 'HABILIDADES LING. II', 5),
(572, 'HAB202', 2010, 2, 2, 'HABILIDADES LINGUÍSTICAS', 6),
(573, 'HAB202', 2010, 2, 2, 'HABILIDADES LINGUISTICAS', 7),
(574, 'HAB202', 2011, 2, 2, 'HABILIDADES LING. II', 5),
(575, 'HAB202', 2011, 2, 2, 'HABILIDADES LINGUÍSTICAS', 6),
(576, 'HAB202', 2011, 2, 2, 'HABILIDADES LINGUISTICAS', 7),
(577, 'HAB202', 2012, 2, 2, 'HABILIDADES LING. II', 5),
(578, 'HAB202', 2012, 2, 2, 'HABILIDADES LINGUÍSTICAS', 6),
(579, 'HAB202', 2012, 2, 2, 'HABILIDADES LINGUISTICAS', 7),
(580, 'HAB202', 2013, 2, 2, 'HABI. LINGUISTICAS II', 3),
(581, 'HAB202', 2013, 2, 2, 'HABILIDADES LING. II', 5),
(582, 'HAB202', 2013, 2, 2, 'HABI. LINGUÍSTICAS II', 6),
(583, 'HAB202', 2013, 2, 2, 'HABI. LINGUISTICAS II', 7),
(584, 'HAB202', 2014, 2, 2, 'HABI. LINGUISTICAS II', 3),
(585, 'HAB202', 2014, 2, 2, 'HABILIDADES LING. II', 5),
(586, 'HAB202', 2014, 2, 2, 'HABI. LINGUÍSTICAS II', 6),
(587, 'HAB202', 2014, 2, 2, 'HABI. LINGUISTICAS II', 7),
(588, 'HAB202', 2015, 2, 2, 'HABI. LINGUISTICAS II', 3),
(589, 'HAB202', 2015, 2, 2, 'HABILIDADES LING. II', 5),
(590, 'HAB202', 2015, 2, 2, 'HABI. LINGUÍSTICAS II', 6),
(591, 'HAB202', 2015, 2, 2, 'HABI. LINGUISTICAS II', 7),
(592, 'HCS100', 2012, 0, 1, 'HISTORIA Y CIENCIAS SOC.', 1),
(593, 'HCS100', 2013, 0, 1, 'HISTORIA Y CIENCIAS SOC.', 1),
(594, 'HCS100', 2014, 0, 1, 'HISTORIA Y CIENCIAS SOC.', 1),
(595, 'HCS100', 2015, 0, 1, 'HISTORIA Y CIENCIAS SOC.', 1),
(596, 'HIC102', 2010, 2, 1, 'HIST. DE LA CULTURA', 1),
(597, 'HIC102', 2011, 2, 1, 'HIST. DE LA CULTURA', 1),
(598, 'HIC102', 2012, 2, 1, 'HIST. DE LA CULTURA', 2),
(599, 'HIC102', 2013, 2, 1, 'HIST. DE LA CULTURA', 2),
(600, 'HIC102', 2014, 2, 1, 'HIST. DE LA CULTURA', 2),
(601, 'HIC102', 2015, 2, 1, 'HIST. DE LA CULTURA', 2),
(602, 'HIC301', 2009, 1, 3, 'HISTORIA DE LA CULTURA', 5),
(603, 'HIC301', 2009, 1, 3, 'HISTORIA DE LA CULTURA', 6),
(604, 'HIC301', 2009, 1, 3, 'HISTORIA DE LA CULTURA', 7),
(605, 'HIC301', 2010, 1, 3, 'HISTORIA DE LA CULTURA', 5),
(606, 'HIC301', 2010, 1, 3, 'HISTORIA DE LA CULTURA', 6),
(607, 'HIC301', 2010, 1, 3, 'HISTORIA DE LA CULTURA', 7),
(608, 'HIC301', 2011, 1, 3, 'HISTORIA DE LA CULTURA', 6),
(609, 'HIC301', 2011, 1, 3, 'HISTORIA DE LA CULTURA', 7),
(610, 'HIC401', 2012, 1, 4, 'HISTORIA DE LA CULTURA', 5),
(611, 'HIG401', 2009, 1, 4, 'HIGIENE ALIMENTOS Y NUTRI', 6),
(612, 'HIN201', 2009, 1, 2, 'HISTORIA NAVAL APLICADA I', 5),
(613, 'HIN201', 2009, 1, 2, 'HISTORIA NAVAL APLICADA I', 6),
(614, 'HIN201', 2009, 1, 2, 'HISTORIA NAVAL APLICADA I', 7),
(615, 'HIN201', 2010, 1, 2, 'HISTORIA NAVAL APLICADA I', 5),
(616, 'HIN201', 2010, 1, 2, 'HISTORIA NAVAL APLICADA I', 6),
(617, 'HIN201', 2010, 1, 2, 'HISTORIA NAVAL APLICADA I', 7),
(618, 'HIN201', 2011, 1, 2, 'HISTORIA NAVAL APLICADA I', 6),
(619, 'HIN201', 2011, 1, 2, 'HISTORIA NAVAL APLICADA I', 7),
(620, 'HIN201', 2012, 1, 2, 'HISTORIA NAVAL APLICADA I', 6),
(621, 'HIN201', 2012, 1, 2, 'HISTORIA NAVAL APLICADA I', 7),
(622, 'HIN201', 2013, 1, 2, 'HISTORIA NAVAL APLICADA I', 6),
(623, 'HIN201', 2013, 1, 2, 'HISTORIA NAVAL APLICADA I', 7),
(624, 'HIN201', 2014, 1, 2, 'HISTORIA NAVAL APLICADA I', 6),
(625, 'HIN201', 2014, 1, 2, 'HISTORIA NAVAL APLICADA I', 7),
(626, 'HIN201', 2015, 1, 2, 'HISTORIA NAVAL APLICADA I', 6),
(627, 'HIN201', 2015, 1, 2, 'HISTORIA NAVAL APLICADA I', 7),
(628, 'HIN202', 2009, 2, 2, 'HISTORIA NAVAL APLICADA I', 4),
(629, 'HIN202', 2010, 2, 2, 'HISTORIA NAVAL APLICADA I', 4),
(630, 'HIN202', 2011, 2, 2, 'HISTORIA NAVAL APLICADA I', 4),
(631, 'HIN202', 2012, 2, 2, 'HISTORIA NAVAL APLICADA I', 4),
(632, 'HIN202', 2013, 2, 2, 'HISTORIA NAVAL APLICADA I', 3),
(633, 'HIN202', 2013, 2, 2, 'HISTORIA NAVAL APLICADA I', 4),
(634, 'HIN202', 2014, 2, 2, 'HISTORIA NAVAL APLICADA I', 3),
(635, 'HIN202', 2014, 2, 2, 'HISTORIA NAVAL APLICADA I', 4),
(636, 'HIN202', 2015, 2, 2, 'HISTORIA NAVAL APLICADA I', 3),
(637, 'HIN202', 2015, 2, 2, 'HISTORIA NAVAL APLICADA I', 4),
(638, 'HIN301', 2009, 1, 3, 'HISTORIA NAVAL APLIC. II', 4),
(639, 'HIN301', 2010, 1, 3, 'HISTORIA NAVAL APLIC. II', 4),
(640, 'HIN301', 2011, 1, 3, 'HISTORIA NAVAL APLIC. II', 4),
(641, 'HIN301', 2012, 1, 3, 'HISTORIA NAVAL APLIC. II', 4),
(642, 'HIN301', 2013, 1, 3, 'HISTORIA NAVAL APLIC. II', 4),
(643, 'HIN301', 2014, 1, 3, 'HISTORIA NAVAL APLIC. II', 4),
(644, 'HIN301', 2015, 1, 3, 'HISTORIA NAVAL APLIC. II', 4),
(645, 'HIN302', 2009, 2, 3, 'HISTORIA NAVAL APLIC. II', 5),
(646, 'HIN302', 2009, 2, 3, 'HISTORIA NAVAL APLIC. II', 6),
(647, 'HIN302', 2010, 2, 3, 'HISTORIA NAVAL APLIC. II', 5),
(648, 'HIN302', 2010, 2, 3, 'HISTORIA NAVAL APLIC. II', 6),
(649, 'HIN302', 2011, 2, 3, 'HISTORIA NAVAL APLIC. II', 5),
(650, 'HIN302', 2011, 2, 3, 'HISTORIA NAVAL APLIC. II', 6),
(651, 'HIN302', 2012, 2, 3, 'HISTORIA NAVAL APLIC. II', 5),
(652, 'HIN302', 2012, 2, 3, 'HISTORIA NAVAL APLIC. II', 6),
(653, 'HIN302', 2013, 2, 3, 'HISTORIA NAVAL APLIC. II', 5),
(654, 'HIN302', 2013, 2, 3, 'HISTORIA NAVAL APLIC. II', 6),
(655, 'HIN302', 2014, 2, 3, 'HISTORIA NAVAL APLIC. II', 5),
(656, 'HIN302', 2014, 2, 3, 'HISTORIA NAVAL APLIC. II', 6),
(657, 'HIN302', 2015, 2, 3, 'HISTORIA NAVAL APLIC. II', 5),
(658, 'HIN302', 2015, 2, 3, 'HISTORIA NAVAL APLIC. II', 6),
(659, 'HIN402', 2009, 2, 4, 'HISTORIA NAVAL  II', 7),
(660, 'HIS102', 2009, 2, 1, 'CHILE HISTORIA Y SOBERANÍ', 1),
(661, 'HIS302', 2009, 2, 3, 'HISTORIA NAVAL II', 7),
(662, 'HIS302', 2010, 2, 3, 'HISTORIA NAVAL II', 7),
(663, 'HIS302', 2011, 2, 3, 'HISTORIA NAVAL II', 7),
(664, 'HIS302', 2012, 2, 3, 'HISTORIA NAVAL II', 7),
(665, 'HIS302', 2013, 2, 3, 'HISTORIA NAVAL APLIC. II', 7),
(666, 'HIS302', 2014, 2, 3, 'HISTORIA NAVAL APLIC. II', 7),
(667, 'HIS302', 2015, 2, 3, 'HISTORIA NAVAL APLIC. II', 7),
(668, 'HIS401', 2009, 1, 4, 'HISTORIA DE LA CULTURA', 4),
(669, 'HIS401', 2009, 1, 4, 'HISTORIA DE LA CULTURA', 5),
(670, 'HIS401', 2009, 1, 4, 'HISTORIA DE LA CULTURA', 6),
(671, 'HIS401', 2009, 1, 4, 'HISTORIA DELA CULTURA', 7),
(672, 'HNA401', 2015, 1, 4, 'HISTORIA NAVAL APLICADA', 8),
(673, 'HNA402', 2012, 2, 4, 'HISTORIA NAVAL APLICADA', 8),
(674, 'HNA402', 2013, 2, 4, 'HISTORIA NAVAL APLICADA', 8),
(675, 'HNA402', 2014, 2, 4, 'HISTORIA NAVAL APLICADA', 8),
(676, 'HNV301', 2012, 1, 3, 'HISTORIA NAVAL APLICADA I', 5),
(677, 'HNV301', 2013, 1, 3, 'HISTORIA NAVAL APLICADA I', 5),
(678, 'HNV301', 2014, 1, 3, 'HISTORIA NAVAL APLICADA I', 5),
(679, 'HNV301', 2015, 1, 3, 'HISTORIA NAVAL APLICADA I', 5),
(680, 'HNV401', 2010, 1, 4, 'HISTORIA NAVAL', 8),
(681, 'HSC302', 2009, 2, 3, 'HISTORIA DE LA CULTURA', 4),
(682, 'HSC302', 2010, 2, 3, 'HISTORIA DE LA CULTURA', 4),
(683, 'HSC302', 2011, 2, 3, 'HISTORIA DE LA CULTURA', 4),
(684, 'INE401', 2011, 1, 4, 'INT. A LA ECONOMÍA', 7),
(685, 'INE401', 2012, 1, 4, 'INT. A LA ECONOMÍA', 7),
(686, 'INE401', 2013, 1, 4, 'INT. A LA ECONOMÍA', 7),
(687, 'INE401', 2014, 1, 4, 'INT. A LA ECONOMÍA', 7),
(688, 'INE401', 2015, 1, 4, 'INT. A LA ECONOMÍA', 7),
(689, 'INE402', 2010, 2, 4, 'INTRODUCCIÓN A LA ECONOM.', 7),
(690, 'ING100', 2009, 0, 1, 'INGLÉS', 1),
(691, 'ING100', 2010, 0, 1, 'INGLÉS', 1),
(692, 'ING100', 2011, 0, 1, 'INGLÉS', 1),
(693, 'ING100', 2012, 0, 1, 'INGLÉS', 1),
(694, 'ING100', 2012, 0, 1, 'INGLÉS', 2),
(695, 'ING100', 2013, 0, 1, 'INGLÉS', 1),
(696, 'ING100', 2013, 0, 1, 'INGLÉS', 2),
(697, 'ING100', 2014, 0, 1, 'INGLÉS', 1),
(698, 'ING100', 2014, 0, 1, 'INGLÉS', 2),
(699, 'ING100', 2015, 0, 1, 'INGLÉS', 1),
(700, 'ING100', 2015, 0, 1, 'INGLÉS', 2),
(701, 'ING200', 2009, 0, 2, 'INGLÉS', 4),
(702, 'ING200', 2009, 0, 2, 'INGLÉS', 5),
(703, 'ING200', 2009, 0, 2, 'INGLÉS', 6),
(704, 'ING200', 2009, 0, 2, 'INGLÉS', 7),
(705, 'ING200', 2010, 0, 2, 'INGLÉS', 4),
(706, 'ING200', 2010, 0, 2, 'INGLÉS', 5),
(707, 'ING200', 2010, 0, 2, 'INGLÉS', 6),
(708, 'ING200', 2010, 0, 2, 'INGLÉS', 7),
(709, 'ING200', 2011, 0, 2, 'INGLÉS', 4),
(710, 'ING200', 2011, 0, 2, 'INGLÉS', 5),
(711, 'ING200', 2011, 0, 2, 'INGLÉS', 6),
(712, 'ING200', 2011, 0, 2, 'INGLÉS', 7),
(713, 'ING200', 2012, 0, 2, 'INGLÉS', 4),
(714, 'ING200', 2012, 0, 2, 'INGLÉS', 5),
(715, 'ING200', 2012, 0, 2, 'INGLÉS', 6),
(716, 'ING200', 2012, 0, 2, 'INGLÉS', 7),
(717, 'ING200', 2013, 0, 2, 'INGLES', 3),
(718, 'ING200', 2013, 0, 2, 'INGLÉS', 4),
(719, 'ING200', 2013, 0, 2, 'INGLÉS', 5),
(720, 'ING200', 2013, 0, 2, 'INGLÉS', 6),
(721, 'ING200', 2013, 0, 2, 'INGLÉS', 7),
(722, 'ING200', 2014, 0, 2, 'INGLES', 3),
(723, 'ING200', 2014, 0, 2, 'INGLÉS', 4),
(724, 'ING200', 2014, 0, 2, 'INGLÉS', 5),
(725, 'ING200', 2014, 0, 2, 'INGLÉS', 6),
(726, 'ING200', 2014, 0, 2, 'INGLÉS', 7),
(727, 'ING200', 2015, 0, 2, 'INGLES', 3),
(728, 'ING200', 2015, 0, 2, 'INGLÉS', 4),
(729, 'ING200', 2015, 0, 2, 'INGLÉS', 5),
(730, 'ING200', 2015, 0, 2, 'INGLÉS', 6),
(731, 'ING200', 2015, 0, 2, 'INGLÉS', 7),
(732, 'ING300', 2009, 0, 3, 'INGLÉS', 4),
(733, 'ING300', 2009, 0, 3, 'INGLÉS', 5),
(734, 'ING300', 2009, 0, 3, 'INGLÉS', 6),
(735, 'ING300', 2009, 0, 3, 'INGLÉS', 7),
(736, 'ING300', 2010, 0, 3, 'INGLÉS', 4),
(737, 'ING300', 2010, 0, 3, 'INGLÉS', 5),
(738, 'ING300', 2010, 0, 3, 'INGLÉS', 6),
(739, 'ING300', 2010, 0, 3, 'INGLÉS', 7),
(740, 'ING300', 2011, 0, 3, 'INGLÉS', 4),
(741, 'ING300', 2011, 0, 3, 'INGLÉS', 5),
(742, 'ING300', 2011, 0, 3, 'INGLÉS', 6),
(743, 'ING300', 2011, 0, 3, 'INGLÉS', 7),
(744, 'ING300', 2012, 0, 3, 'INGLÉS', 4),
(745, 'ING300', 2012, 0, 3, 'INGLÉS', 5),
(746, 'ING300', 2012, 0, 3, 'INGLÉS', 6),
(747, 'ING300', 2012, 0, 3, 'INGLÉS', 7),
(748, 'ING300', 2013, 0, 3, 'INGLÉS', 4),
(749, 'ING300', 2013, 0, 3, 'INGLÉS', 5),
(750, 'ING300', 2013, 0, 3, 'INGLÉS', 6),
(751, 'ING300', 2013, 0, 3, 'INGLÉS', 7),
(752, 'ING300', 2014, 0, 3, 'INGLÉS', 4),
(753, 'ING300', 2014, 0, 3, 'INGLÉS', 5),
(754, 'ING300', 2014, 0, 3, 'INGLÉS', 6),
(755, 'ING300', 2014, 0, 3, 'INGLÉS', 7),
(756, 'ING300', 2015, 0, 3, 'INGLÉS', 4),
(757, 'ING300', 2015, 0, 3, 'INGLÉS', 5),
(758, 'ING300', 2015, 0, 3, 'INGLÉS', 6),
(759, 'ING300', 2015, 0, 3, 'INGLÉS', 7),
(760, 'ING400', 2009, 0, 4, 'INGLÉS', 4),
(761, 'ING400', 2009, 0, 4, 'INGLÉS', 5),
(762, 'ING400', 2009, 0, 4, 'INGLÉS', 6),
(763, 'ING400', 2009, 0, 4, 'INGLÉS', 7),
(764, 'ING400', 2010, 0, 4, 'INGLÉS', 4),
(765, 'ING400', 2010, 0, 4, 'INGLÉS', 5),
(766, 'ING400', 2010, 0, 4, 'INGLÉS', 6),
(767, 'ING400', 2010, 0, 4, 'INGLÉS', 7),
(768, 'ING400', 2010, 0, 4, 'INGLÉS', 8),
(769, 'ING400', 2011, 0, 4, 'INGLÉS', 4),
(770, 'ING400', 2011, 0, 4, 'INGLÉS', 5),
(771, 'ING400', 2011, 0, 4, 'INGLÉS', 6),
(772, 'ING400', 2011, 0, 4, 'INGLÉS', 7),
(773, 'ING400', 2012, 0, 4, 'INGLÉS', 4),
(774, 'ING400', 2012, 0, 4, 'INGLÉS', 5),
(775, 'ING400', 2012, 0, 4, 'INGLÉS', 6),
(776, 'ING400', 2012, 0, 4, 'INGLÉS', 7),
(777, 'ING400', 2013, 0, 4, 'INGLÉS', 4),
(778, 'ING400', 2013, 0, 4, 'INGLÉS', 5),
(779, 'ING400', 2013, 0, 4, 'INGLÉS', 6),
(780, 'ING400', 2013, 0, 4, 'INGLÉS', 7),
(781, 'ING400', 2014, 0, 4, 'INGLÉS', 4),
(782, 'ING400', 2014, 0, 4, 'INGLÉS', 5),
(783, 'ING400', 2014, 0, 4, 'INGLÉS', 6),
(784, 'ING400', 2014, 0, 4, 'INGLÉS', 7),
(785, 'ING400', 2015, 0, 4, 'INGLÉS', 4),
(786, 'ING400', 2015, 0, 4, 'INGLÉS', 5),
(787, 'ING400', 2015, 0, 4, 'INGLÉS', 6),
(788, 'ING400', 2015, 0, 4, 'INGLÉS', 7),
(789, 'ING400', 2015, 0, 4, 'INGLES', 8),
(790, 'INM402', 2010, 2, 4, 'INTERESES MARÍTIMOS I', 7),
(791, 'INM402', 2011, 2, 4, 'INTERESES MARÍTIMOS I', 7),
(792, 'INM402', 2012, 2, 4, 'INTERESES MARÍTIMOS I', 7),
(793, 'INM402', 2013, 2, 4, 'INTERESES MARÍTIMOS I', 7),
(794, 'INM402', 2014, 2, 4, 'INTERESES MARÍTIMOS I', 7),
(795, 'INM402', 2015, 2, 4, 'INTERESES MARÍTIMOS I', 7),
(796, 'INO402', 2010, 2, 4, 'INVESTIGACIÓN OPERACIONES', 6),
(797, 'INO402', 2011, 2, 4, 'INVESTIGACIÓN OPERACIONES', 6),
(798, 'INO402', 2012, 2, 4, 'INVESTIGACIÓN OPERACIONES', 6),
(799, 'INO402', 2013, 2, 4, 'INVESTIGACIÓN OPERACIONES', 6),
(800, 'INO402', 2014, 2, 4, 'INVESTIGACIÓN OPERACIONES', 6),
(801, 'INO402', 2015, 2, 4, 'INVESTIGACIÓN OPERACIONES', 6),
(802, 'INT301', 2011, 1, 3, 'INTELIGENCIA IM', 5),
(803, 'INT301', 2012, 1, 3, 'INTELIGENCIA IM', 5),
(804, 'INT301', 2013, 1, 3, 'INTELIGENCIA IM', 5),
(805, 'INT301', 2014, 1, 3, 'INTELIGENCIA IM', 5),
(806, 'INT301', 2015, 1, 3, 'INTELIGENCIA IM', 5),
(807, 'INT402', 2010, 2, 4, 'INTELIGENCIA IM', 5),
(808, 'INT402', 2011, 2, 4, 'INTELIGENCIA IM', 5),
(809, 'LCC100', 2012, 0, 1, 'LENGUA CASTELLANA Y COM.', 1),
(810, 'LCC100', 2013, 0, 1, 'LENGUA CASTELLANA Y COM.', 1),
(811, 'LCC100', 2014, 0, 1, 'LENGUA CASTELLANA Y COM.', 1),
(812, 'LCC100', 2015, 0, 1, 'LENGUA CASTELLANA Y COM.', 1),
(813, 'LCC400', 2015, 0, 4, 'LENGUA CASTELLANA Y COMUN', 8),
(814, 'LCC402', 2012, 2, 4, 'LENGUA CASTELLA Y COMUNIC', 8),
(815, 'LCC402', 2013, 2, 4, 'LENGUA CASTELLA Y COMUNIC', 8),
(816, 'LCC402', 2014, 2, 4, 'LENGUA CASTELLA Y COMUNIC', 8),
(817, 'LEC400', 2010, 0, 4, 'LENGUA CASTELLANA', 8),
(818, 'LEG401', 2009, 1, 4, 'LEGISLACIÓN MARÍTIMA', 7),
(819, 'LGM302', 2009, 2, 3, 'LEGISLACIÓN MARÍTIMA', 7),
(820, 'LGM302', 2010, 2, 3, 'LEGISLACIÓN MARÍTIMA', 7),
(821, 'LGM302', 2011, 2, 3, 'LEGISLACIÓN MARÍTIMA', 7),
(822, 'LGM302', 2012, 2, 3, 'LEGISLACIÓN MARÍTIMA', 7),
(823, 'LGM302', 2013, 2, 3, 'LEGISLACIÓN MARÍTIMA', 7),
(824, 'LGM302', 2014, 2, 3, 'LEGISLACIÓN MARÍTIMA', 7),
(825, 'LGM302', 2015, 2, 3, 'LEGISLACIÓN MARÍTIMA', 7),
(826, 'MAC302', 2013, 2, 3, 'MACROECONOMÍA', 6),
(827, 'MAC302', 2014, 2, 3, 'MACROECONOMÍA', 6),
(828, 'MAC302', 2015, 2, 3, 'MACROECONOMÍA', 6),
(829, 'MAC401', 2010, 1, 4, 'MACROECONOMÍA', 6),
(830, 'MAC401', 2011, 1, 4, 'MACROECONOMÍA', 6),
(831, 'MAC401', 2012, 1, 4, 'MACROECONOMÍA', 6),
(832, 'MAC401', 2013, 1, 4, 'MACROECONOMÍA', 6),
(833, 'MAC402', 2009, 2, 4, 'MACROECONOMÍA', 6),
(834, 'MAI302', 2009, 2, 3, 'MATERIAL  IM', 5),
(835, 'MAI302', 2010, 2, 3, 'MATERIAL  IM', 5),
(836, 'MAI302', 2011, 2, 3, 'MATERIAL  IM', 5),
(837, 'MAI302', 2012, 2, 3, 'MATERIAL  IM', 5),
(838, 'MAI302', 2013, 2, 3, 'MATERIAL  IM', 5),
(839, 'MAI302', 2014, 2, 3, 'MATERIAL  IM', 5),
(840, 'MAI302', 2015, 2, 3, 'MATERIAL  IM', 5),
(841, 'MAN301', 2009, 1, 3, 'MANDO I', 4),
(842, 'MAN301', 2009, 1, 3, 'MANDO I', 5),
(843, 'MAN301', 2009, 1, 3, 'MANDO I', 6),
(844, 'MAN301', 2009, 1, 3, 'MANDO I', 7),
(845, 'MAN301', 2010, 1, 3, 'MANDO I', 4),
(846, 'MAN301', 2010, 1, 3, 'MANDO I', 5),
(847, 'MAN301', 2010, 1, 3, 'MANDO I', 6),
(848, 'MAN301', 2010, 1, 3, 'MANDO I', 7),
(849, 'MAN301', 2011, 1, 3, 'MANDO I', 4),
(850, 'MAN301', 2011, 1, 3, 'MANDO I', 5),
(851, 'MAN301', 2011, 1, 3, 'MANDO I', 6),
(852, 'MAN301', 2011, 1, 3, 'MANDO I', 7),
(853, 'MAN301', 2012, 1, 3, 'MANDO I', 4),
(854, 'MAN301', 2012, 1, 3, 'MANDO I', 5),
(855, 'MAN301', 2012, 1, 3, 'MANDO I', 6),
(856, 'MAN301', 2012, 1, 3, 'MANDO I', 7),
(857, 'MAN301', 2013, 1, 3, 'MANDO I', 4),
(858, 'MAN301', 2013, 1, 3, 'MANDO I', 5),
(859, 'MAN301', 2013, 1, 3, 'MANDO I', 6),
(860, 'MAN301', 2013, 1, 3, 'MANDO I', 7),
(861, 'MAN301', 2014, 1, 3, 'MANDO I', 4),
(862, 'MAN301', 2014, 1, 3, 'MANDO I', 5),
(863, 'MAN301', 2014, 1, 3, 'MANDO I', 6),
(864, 'MAN301', 2014, 1, 3, 'MANDO I', 7),
(865, 'MAN301', 2015, 1, 3, 'MANDO I', 4),
(866, 'MAN301', 2015, 1, 3, 'MANDO I', 5),
(867, 'MAN301', 2015, 1, 3, 'MANDO I', 6),
(868, 'MAN301', 2015, 1, 3, 'MANDO I', 7),
(869, 'MAN302', 2009, 2, 3, 'MANDO II', 4),
(870, 'MAN302', 2009, 2, 3, 'MANDO II', 5),
(871, 'MAN302', 2009, 2, 3, 'MANDO II', 6),
(872, 'MAN302', 2009, 2, 3, 'MANDO II', 7),
(873, 'MAN302', 2010, 2, 3, 'MANDO II', 4),
(874, 'MAN302', 2010, 2, 3, 'MANDO II', 5),
(875, 'MAN302', 2010, 2, 3, 'MANDO II', 6),
(876, 'MAN302', 2010, 2, 3, 'MANDO II', 7),
(877, 'MAN302', 2011, 2, 3, 'MANDO II', 4),
(878, 'MAN302', 2011, 2, 3, 'MANDO II', 5),
(879, 'MAN302', 2011, 2, 3, 'MANDO II', 6),
(880, 'MAN302', 2011, 2, 3, 'MANDO II', 7),
(881, 'MAN302', 2012, 2, 3, 'MANDO II', 4),
(882, 'MAN302', 2012, 2, 3, 'MANDO II', 5),
(883, 'MAN302', 2012, 2, 3, 'MANDO II', 6),
(884, 'MAN302', 2012, 2, 3, 'MANDO II', 7),
(885, 'MAN302', 2013, 2, 3, 'MANDO II', 4),
(886, 'MAN302', 2013, 2, 3, 'MANDO II', 5),
(887, 'MAN302', 2013, 2, 3, 'MANDO II', 6),
(888, 'MAN302', 2013, 2, 3, 'MANDO II', 7),
(889, 'MAN302', 2014, 2, 3, 'MANDO II', 4),
(890, 'MAN302', 2014, 2, 3, 'MANDO II', 5),
(891, 'MAN302', 2014, 2, 3, 'MANDO II', 6),
(892, 'MAN302', 2014, 2, 3, 'MANDO II', 7),
(893, 'MAN302', 2015, 2, 3, 'MANDO II', 4),
(894, 'MAN302', 2015, 2, 3, 'MANDO II', 5),
(895, 'MAN302', 2015, 2, 3, 'MANDO II', 6),
(896, 'MAN302', 2015, 2, 3, 'MANDO II', 7),
(897, 'MAN400', 2015, 0, 4, 'MANDO Y REGLAMENTACION', 8),
(898, 'MAN401', 2010, 1, 4, 'MANDO III', 4),
(899, 'MAN401', 2010, 1, 4, 'MANDO III', 5),
(900, 'MAN401', 2011, 1, 4, 'MANDO III', 4),
(901, 'MAN401', 2011, 1, 4, 'MANDO III', 5),
(902, 'MAN401', 2011, 1, 4, 'MANDO III', 7),
(903, 'MAN401', 2012, 1, 4, 'MANDO III', 4),
(904, 'MAN401', 2012, 1, 4, 'MANDO III', 5),
(905, 'MAN401', 2012, 1, 4, 'MANDO III', 7),
(906, 'MAN401', 2013, 1, 4, 'MANDO III', 4),
(907, 'MAN401', 2013, 1, 4, 'MANDO III', 5),
(908, 'MAN401', 2013, 1, 4, 'MANDO III', 7),
(909, 'MAN401', 2014, 1, 4, 'MANDO III', 4),
(910, 'MAN401', 2014, 1, 4, 'MANDO III', 5),
(911, 'MAN401', 2014, 1, 4, 'MANDO III', 7),
(912, 'MAN401', 2015, 1, 4, 'MANDO III', 4),
(913, 'MAN401', 2015, 1, 4, 'MANDO III', 5),
(914, 'MAN401', 2015, 1, 4, 'MANDO III', 7),
(915, 'MAN402', 2009, 2, 4, 'MANDO II', 4),
(916, 'MAN402', 2009, 2, 4, 'MANDO II', 5),
(917, 'MAN402', 2009, 2, 4, 'MANDO II', 6),
(918, 'MAN402', 2009, 2, 4, 'MANDO II', 7),
(919, 'MAN402', 2010, 2, 4, 'MANDO III', 6),
(920, 'MAN402', 2010, 2, 4, 'MANDO III', 7),
(921, 'MAN402', 2011, 2, 4, 'MANDO III', 6),
(922, 'MAN402', 2012, 2, 4, 'MANDO III', 6),
(923, 'MAN402', 2012, 2, 4, 'MANDO', 8),
(924, 'MAN402', 2013, 2, 4, 'MANDO III', 6),
(925, 'MAN402', 2013, 2, 4, 'MANDO', 8),
(926, 'MAN402', 2014, 2, 4, 'MANDO III', 6),
(927, 'MAN402', 2014, 2, 4, 'MANDO', 8),
(928, 'MAN402', 2015, 2, 4, 'MANDO III', 6),
(929, 'MAT100', 2012, 0, 1, 'MATEMÁTICAS', 1),
(930, 'MAT100', 2013, 0, 1, 'MATEMÁTICAS', 1),
(931, 'MAT100', 2014, 0, 1, 'MATEMÁTICAS', 1),
(932, 'MAT100', 2015, 0, 1, 'MATEMÁTICAS', 1),
(933, 'MAT301', 2009, 1, 3, 'MATEMÁTICAS FINANCIERAS', 6),
(934, 'MAT301', 2010, 1, 3, 'MATEMÁTICAS FINANCIERAS', 6),
(935, 'MAT301', 2011, 1, 3, 'MATEMÁTICAS FINANCIERAS', 6),
(936, 'MAT301', 2012, 1, 3, 'MATEMÁTICAS FINANCIERAS', 6),
(937, 'MAT301', 2013, 1, 3, 'MATEMÁTICAS FINANCIERAS', 6),
(938, 'MAT301', 2014, 1, 3, 'MATEMÁTICAS FINANCIERAS', 6),
(939, 'MAT301', 2015, 1, 3, 'MATEMÁTICAS FINANCIERAS', 6),
(940, 'MDO400', 2010, 0, 4, 'MANDO Y REGLAMENTACIÓN', 8),
(941, 'MDS402', 2010, 2, 4, 'MODELAMIENTO DE SISTEMAS', 4),
(942, 'MDS402', 2011, 2, 4, 'MODELAMIENTO DE SISTEMAS', 4),
(943, 'MDS402', 2012, 2, 4, 'MODELAMIENTO DE SISTEMAS', 4),
(944, 'MDS402', 2013, 2, 4, 'MODELAMIENTO DE SISTEMAS', 4),
(945, 'MDS402', 2014, 2, 4, 'MODELAMIENTO DE SISTEMAS', 4),
(946, 'MDS402', 2015, 2, 4, 'MODELAMIENTO DE SISTEMAS', 4),
(947, 'MEC202', 2009, 2, 2, 'MECÁNICA TÉCNICA', 4),
(948, 'MEC202', 2010, 2, 2, 'MECÁNICA TÉCNICA', 4),
(949, 'MEC202', 2011, 2, 2, 'MECÁNICA TÉCNICA', 4),
(950, 'MEC202', 2012, 2, 2, 'MECÁNICA TÉCNICA', 4),
(951, 'MEC202', 2013, 2, 2, 'MECÁNICA TÉCNICA', 3),
(952, 'MEC202', 2013, 2, 2, 'MECÁNICA TÉCNICA', 4),
(953, 'MEC202', 2014, 2, 2, 'MECÁNICA TÉCNICA', 3),
(954, 'MEC202', 2014, 2, 2, 'MECÁNICA TÉCNICA', 4),
(955, 'MEC202', 2015, 2, 2, 'MECÁNICA TÉCNICA', 3),
(956, 'MEC202', 2015, 2, 2, 'MECÁNICA TÉCNICA', 4),
(957, 'MEI401', 2010, 1, 4, 'METODOLOGÍA INVESTIGACIÓN', 7),
(958, 'MEI401', 2011, 1, 4, 'MET. INVESTIGACIÓN', 4),
(959, 'MEI401', 2012, 1, 4, 'MET. INVESTIGACIÓN', 4),
(960, 'MEI401', 2013, 1, 4, 'MET. INVESTIGACIÓN', 4),
(961, 'MEI401', 2014, 1, 4, 'MET. INVESTIGACIÓN', 4),
(962, 'MEI401', 2015, 1, 4, 'MET. INVESTIGACIÓN', 4),
(963, 'MEI402', 2010, 2, 4, 'MET.DE LA INVESTIGACIÓN', 4),
(964, 'MEI402', 2010, 2, 4, 'METODOLOGÍA INVESTIGACIÓN', 6),
(965, 'MEI402', 2011, 2, 4, 'METODOLOGÍA INVESTIGACIÓN', 6),
(966, 'MEI402', 2011, 2, 4, 'METODOLOGÍA DE LA INVEST.', 7),
(967, 'MEI402', 2012, 2, 4, 'METODOLOGÍA INVESTIGACIÓN', 6),
(968, 'MEI402', 2012, 2, 4, 'METODOLOGÍA DE LA INVEST.', 7),
(969, 'MEI402', 2013, 2, 4, 'METODOLOGÍA INVESTIGACIÓN', 6),
(970, 'MEI402', 2013, 2, 4, 'METODOLOGÍA DE LA INVEST.', 7),
(971, 'MEI402', 2014, 2, 4, 'METODOLOGÍA INVESTIGACIÓN', 6),
(972, 'MEI402', 2014, 2, 4, 'METODOLOGÍA DE LA INVEST.', 7),
(973, 'MEI402', 2015, 2, 4, 'METODOLOGÍA INVESTIGACIÓN', 6),
(974, 'MEI402', 2015, 2, 4, 'METODOLOGÍA DE LA INVEST.', 7),
(975, 'MET201', 2010, 1, 2, 'METEOROLOGÍA Y NAVEGACIÓN', 5),
(976, 'MET202', 2009, 2, 2, 'METEOR. Y NAVEGACION', 5),
(977, 'MET202', 2011, 2, 2, 'METEOROLOGÍA', 4),
(978, 'MET202', 2011, 2, 2, 'METEOROLOGÍA', 7),
(979, 'MET202', 2012, 2, 2, 'METEOROLOGÍA', 4),
(980, 'MET202', 2012, 2, 2, 'METEOROLOGÍA', 7),
(981, 'MET202', 2013, 2, 2, 'METEOROLOGÍA', 3),
(982, 'MET202', 2013, 2, 2, 'METEOROLOGÍA', 4),
(983, 'MET202', 2013, 2, 2, 'METEOROLOGÍA', 7),
(984, 'MET202', 2014, 2, 2, 'METEOROLOGÍA', 3),
(985, 'MET202', 2014, 2, 2, 'METEOROLOGÍA', 4),
(986, 'MET202', 2014, 2, 2, 'METEOROLOGÍA', 7),
(987, 'MET202', 2015, 2, 2, 'METEOROLOGÍA', 3),
(988, 'MET202', 2015, 2, 2, 'METEOROLOGÍA', 4),
(989, 'MET202', 2015, 2, 2, 'METEOROLOGÍA', 7),
(990, 'MET401', 2009, 1, 4, 'METEO. Y NAV. COSTERA', 5);
INSERT INTO `asignatura` (`idasignatura`, `codigo`, `ano`, `semestre`, `curso`, `nombre`, `especialidad_idespecialidad`) VALUES
(991, 'MIC301', 2013, 1, 3, 'MICROECONOMÍA', 6),
(992, 'MIC301', 2014, 1, 3, 'MICROECONOMÍA', 6),
(993, 'MIC301', 2015, 1, 3, 'MICROECONOMÍA', 6),
(994, 'MIC302', 2009, 2, 3, 'MICROECONOMÍA', 6),
(995, 'MIC302', 2010, 2, 3, 'MICROECONOMÍA', 6),
(996, 'MIC302', 2011, 2, 3, 'MICROECONOMÍA', 6),
(997, 'MIC302', 2012, 2, 3, 'MICROECONOMÍA', 6),
(998, 'MIC401', 2009, 1, 4, 'MICROECONOMÍA', 6),
(999, 'MIC402', 2009, 2, 4, 'MICROECONOMIA', 6),
(1000, 'MQE401', 2010, 1, 4, 'MÁQUINAS ELECTRICAS', 4),
(1001, 'MQE401', 2011, 1, 4, 'MÁQUINAS ELÉCTRICAS', 4),
(1002, 'MQE401', 2012, 1, 4, 'MÁQUINAS ELÉCTRICAS', 4),
(1003, 'MQE401', 2013, 1, 4, 'MÁQUINAS ELÉCTRICAS', 4),
(1004, 'MQE401', 2014, 1, 4, 'MÁQUINAS ELÉCTRICAS', 4),
(1005, 'MQE401', 2015, 1, 4, 'MÁQUINAS ELÉCTRICAS', 4),
(1006, 'MTI402', 2010, 2, 4, 'MET. DE LA INVESTIGACIÓN', 5),
(1007, 'MTI402', 2011, 2, 4, 'MET. DE LA INVESTIGACIÓN', 5),
(1008, 'MTI402', 2012, 2, 4, 'MET. DE LA INVESTIGACIÓN', 5),
(1009, 'MTI402', 2013, 2, 4, 'MET. DE LA INVESTIGACIÓN', 5),
(1010, 'MTI402', 2014, 2, 4, 'MET. DE LA INVESTIGACIÓN', 5),
(1011, 'MTI402', 2015, 2, 4, 'MET. DE LA INVESTIGACIÓN', 5),
(1012, 'MUS100', 2012, 0, 1, 'MÚSICA', 1),
(1013, 'MUS100', 2013, 0, 1, 'ARTES MUSICALES', 1),
(1014, 'MUS100', 2014, 0, 1, 'ARTES MUSICALES', 1),
(1015, 'MUS100', 2015, 0, 1, 'ARTES MUSICALES', 1),
(1016, 'NAU100', 2010, 0, 1, 'NAUTICA', 1),
(1017, 'NAU100', 2012, 0, 1, 'NÁUTICA', 1),
(1018, 'NAU100', 2013, 0, 1, 'NÁUTICA', 1),
(1019, 'NAU100', 2014, 0, 1, 'NÁUTICA', 1),
(1020, 'NAU100', 2015, 0, 1, 'NÁUTICA', 1),
(1021, 'NAU101', 2011, 1, 1, 'NAUTICA I', 1),
(1022, 'NAU101', 2012, 1, 1, 'NAUTICA I', 2),
(1023, 'NAU101', 2013, 1, 1, 'NAUTICA I', 2),
(1024, 'NAU101', 2014, 1, 1, 'NAUTICA I', 2),
(1025, 'NAU101', 2015, 1, 1, 'NAUTICA I', 2),
(1026, 'NAU102', 2011, 2, 1, 'NAUTICA II', 1),
(1027, 'NAU102', 2012, 2, 1, 'NAUTICA II', 2),
(1028, 'NAU102', 2013, 2, 1, 'NAUTICA II', 2),
(1029, 'NAU102', 2014, 2, 1, 'NAUTICA II', 2),
(1030, 'NAU102', 2015, 2, 1, 'NAUTICA II', 2),
(1031, 'NAV201', 2009, 1, 2, 'NAVEGACIÓN I', 4),
(1032, 'NAV201', 2009, 1, 2, 'NAVEGACIÓN I', 7),
(1033, 'NAV201', 2010, 1, 2, 'NAVEGACIÓN I', 4),
(1034, 'NAV201', 2010, 1, 2, 'NAVEGACIÓN Y METEOROLOGÍA', 6),
(1035, 'NAV201', 2010, 1, 2, 'NAVEGACIÓN I', 7),
(1036, 'NAV201', 2011, 1, 2, 'NAVEGACIÓN COSTERA I', 4),
(1037, 'NAV201', 2011, 1, 2, 'NAVEGACIÓN Y METEOROLOGÍA', 6),
(1038, 'NAV201', 2012, 1, 2, 'NAVEGACIÓN COSTERA I', 4),
(1039, 'NAV201', 2013, 1, 2, 'NAVEGACION COSTERA I', 3),
(1040, 'NAV201', 2013, 1, 2, 'NAVEGACIÓN COSTERA I', 4),
(1041, 'NAV201', 2014, 1, 2, 'NAVEGACION COSTERA I', 3),
(1042, 'NAV201', 2014, 1, 2, 'NAVEGACIÓN COSTERA I', 4),
(1043, 'NAV201', 2015, 1, 2, 'NAVEGACION COSTERA I', 3),
(1044, 'NAV201', 2015, 1, 2, 'NAVEGACIÓN COSTERA I', 4),
(1045, 'NAV202', 2009, 2, 2, 'NAVEGACIÓN II Y METEOROLO', 4),
(1046, 'NAV202', 2009, 2, 2, 'NAVEGACIÓN Y METEOROLOGÍA', 6),
(1047, 'NAV202', 2009, 2, 2, 'NAVEGACIÓN II Y METEOROLO', 7),
(1048, 'NAV202', 2010, 2, 2, 'NAVEGACIÓN II Y METEOROLO', 4),
(1049, 'NAV202', 2010, 2, 2, 'NAVEGACIÓN II Y METEOROLO', 7),
(1050, 'NAV202', 2011, 2, 2, 'NAVEGACIÓN COST. II', 4),
(1051, 'NAV202', 2011, 2, 2, 'NAVEGACIÓN COSTERA II', 7),
(1052, 'NAV202', 2012, 2, 2, 'NAVEGACIÓN COST. II', 4),
(1053, 'NAV202', 2012, 2, 2, 'NAVEGACIÓN COSTERA II', 7),
(1054, 'NAV202', 2013, 2, 2, 'NAVEGACIÓN COST. II', 3),
(1055, 'NAV202', 2013, 2, 2, 'NAVEGACIÓN COST. II', 4),
(1056, 'NAV202', 2013, 2, 2, 'NAVEGACIÓN COSTERA II', 7),
(1057, 'NAV202', 2014, 2, 2, 'NAVEGACIÓN COST. II', 3),
(1058, 'NAV202', 2014, 2, 2, 'NAVEGACIÓN COST. II', 4),
(1059, 'NAV202', 2014, 2, 2, 'NAVEGACIÓN COSTERA II', 7),
(1060, 'NAV202', 2015, 2, 2, 'NAVEGACIÓN COST. II', 3),
(1061, 'NAV202', 2015, 2, 2, 'NAVEGACIÓN COST. II', 4),
(1062, 'NAV202', 2015, 2, 2, 'NAVEGACIÓN COSTERA II', 7),
(1063, 'NAV302', 2009, 2, 3, 'NAVEGACIÓN III', 4),
(1064, 'NAV302', 2010, 2, 3, 'NAVEGACIÓN III', 4),
(1065, 'NAV302', 2011, 2, 3, 'NAVEGACIÓN III', 4),
(1066, 'NAV302', 2012, 2, 3, 'NAVEGACIÓN COSTERA III', 4),
(1067, 'NAV302', 2013, 2, 3, 'NAVEGACIÓN COSTERA III', 4),
(1068, 'NAV302', 2014, 2, 3, 'NAVEGACIÓN COSTERA III', 4),
(1069, 'NAV302', 2015, 2, 3, 'NAVEGACIÓN COSTERA III', 4),
(1070, 'NAV401', 2009, 1, 4, 'NAVEGACIÓN II Y METEOROLO', 4),
(1071, 'NAV401', 2009, 1, 4, 'NAVEGACIÓN II Y METEOROLO', 7),
(1072, 'NAV401', 2010, 1, 4, 'NAVEGACIÓN III', 7),
(1073, 'NAV401', 2011, 1, 4, 'NAVEGACIÓN COSTERA III', 7),
(1074, 'NAV401', 2013, 1, 4, 'NAVE.COST Y METEOROLOGIA', 5),
(1075, 'NAV401', 2014, 1, 4, 'NAVE.COST Y METEOROLOGIA', 5),
(1076, 'NAV401', 2014, 1, 4, 'NAVEGACIÓN Y METEOROLOGÍA', 6),
(1077, 'NAV401', 2015, 1, 4, 'NAVE.COST Y METEOROLOGIA', 5),
(1078, 'NAV401', 2015, 1, 4, 'NAVEGACIÓN Y METEOROLOGÍA', 6),
(1079, 'NAV402', 2009, 2, 4, 'NAVEGACIÓN', 4),
(1080, 'NAV402', 2009, 2, 4, 'NAVEGACIÓN Y METEOROLOGÍA', 6),
(1081, 'NAV402', 2009, 2, 4, 'NAVEGACIÒN III', 7),
(1082, 'NAV402', 2010, 2, 4, 'NAVEGACIÓN IV', 4),
(1083, 'NAV402', 2010, 2, 4, 'NAVEGACIÒN IV', 7),
(1084, 'NVA402', 2011, 2, 4, 'NAVEGACIÓN ASTRONÓMICA', 4),
(1085, 'NVA402', 2011, 2, 4, 'NAVEGACIÓN ASTRONÓMICA', 7),
(1086, 'NVA402', 2012, 2, 4, 'NAVEGACIÓN ASTRONÓMICA', 4),
(1087, 'NVA402', 2012, 2, 4, 'NAVEGACIÓN ASTRONÓMICA', 7),
(1088, 'NVA402', 2013, 2, 4, 'NAVEGACIÓN ASTRONÓMICA', 4),
(1089, 'NVA402', 2013, 2, 4, 'NAVEGACIÓN ASTRONÓMICA', 7),
(1090, 'NVA402', 2014, 2, 4, 'NAVEGACIÓN ASTRONÓMICA', 4),
(1091, 'NVA402', 2014, 2, 4, 'NAVEGACIÓN ASTRONÓMICA', 7),
(1092, 'NVA402', 2015, 2, 4, 'NAVEGACIÓN ASTRONÓMICA', 4),
(1093, 'NVA402', 2015, 2, 4, 'NAVEGACIÓN ASTRONÓMICA', 7),
(1094, 'NVC201', 2011, 1, 2, 'NAVEGACIÓN COSTERA  I', 7),
(1095, 'NVC201', 2012, 1, 2, 'NAVEGACIÓN COSTERA  I', 7),
(1096, 'NVC201', 2013, 1, 2, 'NAVEGACIÓN COSTERA  I', 7),
(1097, 'NVC201', 2014, 1, 2, 'NAVEGACIÓN COSTERA  I', 7),
(1098, 'NVC201', 2015, 1, 2, 'NAVEGACIÓN COSTERA  I', 7),
(1099, 'NVC301', 2011, 1, 3, 'NAVEGACIÓN COSTERA III', 7),
(1100, 'NVC301', 2012, 1, 3, 'NAVEGACIÓN COSTERA III', 7),
(1101, 'NVC301', 2013, 1, 3, 'NAVEGACIÓN COSTERA III', 7),
(1102, 'NVC301', 2014, 1, 3, 'NAVEGACIÓN COSTERA III', 7),
(1103, 'NVC301', 2015, 1, 3, 'NAVEGACIÓN COSTERA III', 7),
(1104, 'OPA300', 2009, 0, 3, 'OPERACIONES ANFIBIA', 5),
(1105, 'OPA301', 2010, 1, 3, 'OPERACIONES ANFIBIAS', 5),
(1106, 'OPA302', 2010, 2, 3, 'OPERACIONES ANFIBIAS II', 5),
(1107, 'OPA401', 2012, 1, 4, 'OPERACIONES ANFIBIAS I', 5),
(1108, 'OPA401', 2013, 1, 4, 'OPERACIONES ANFIBIAS I', 5),
(1109, 'OPA401', 2014, 1, 4, 'OPERACIONES ANFIBIAS I', 5),
(1110, 'OPA401', 2015, 1, 4, 'OPERACIONES ANFIBIAS I', 5),
(1111, 'OPA402', 2012, 2, 4, 'OPERACIONES ANFIBIAS II', 5),
(1112, 'OPA402', 2013, 2, 4, 'OPERACIONES ANFIBIAS II', 5),
(1113, 'OPA402', 2014, 2, 4, 'OPERACIONES ANFIBIAS II', 5),
(1114, 'OPA402', 2015, 2, 4, 'OPERACIONES ANFIBIAS II', 5),
(1115, 'OPE402', 2009, 2, 4, 'OPERACIONES MARÍTIMAS', 7),
(1116, 'OPE402', 2010, 2, 4, 'OPERACIONES MARÍTIMAS', 7),
(1117, 'OPE402', 2011, 2, 4, 'OPERACIONES MARÍTIMAS', 7),
(1118, 'OPE402', 2012, 2, 4, 'OPERACIONES MARÍTIMAS', 7),
(1119, 'OPE402', 2013, 2, 4, 'OPERACIONES MARÍTIMAS', 7),
(1120, 'OPE402', 2014, 2, 4, 'OPERACIONES MARÍTIMAS', 7),
(1121, 'OPE402', 2015, 2, 4, 'OPERACIONES MARÍTIMAS', 7),
(1122, 'OPN401', 2011, 1, 4, 'OPERACIONES NAVALES', 4),
(1123, 'OPN401', 2012, 1, 4, 'OPERACIONES NAVALES', 4),
(1124, 'OPN401', 2013, 1, 4, 'OPERACIONES NAVALES', 4),
(1125, 'OPN401', 2014, 1, 4, 'OPERACIONES NAVALES', 4),
(1126, 'OPN401', 2015, 1, 4, 'OPERACIONES NAVALES', 4),
(1127, 'OPN402', 2009, 2, 4, 'OPERACIONES NAVALES', 4),
(1128, 'OPN402', 2010, 2, 4, 'OPERACIONES NAVALES', 4),
(1129, 'PBE402', 2010, 2, 4, 'PROBABILIDADES Y ESTADIS.', 5),
(1130, 'PBE402', 2011, 2, 4, 'PROBABILIDADES Y ESTADIS.', 5),
(1131, 'PBE402', 2012, 2, 4, 'PROBABILIDADES Y ESTADIS.', 5),
(1132, 'PBE402', 2013, 2, 4, 'PROBABILIDADES Y ESTADIS.', 5),
(1133, 'PBE402', 2014, 2, 4, 'PROBABILIDADES Y ESTADIS.', 5),
(1134, 'PBE402', 2015, 2, 4, 'PROBABILIDADES Y ESTADIS.', 5),
(1135, 'POL402', 2009, 2, 4, 'POLICÍA MARÍTIMA', 7),
(1136, 'POL402', 2010, 2, 4, 'POLICÍA MARÍTIMA', 7),
(1137, 'POL402', 2011, 2, 4, 'POLICÍA MARÍTIMA', 7),
(1138, 'POL402', 2012, 2, 4, 'POLICÍA MARÍTIMA', 7),
(1139, 'POL402', 2013, 2, 4, 'POLICÍA MARÍTIMA', 7),
(1140, 'POL402', 2014, 2, 4, 'POLICÍA MARÍTIMA', 7),
(1141, 'POL402', 2015, 2, 4, 'POLICÍA MARÍTIMA', 7),
(1142, 'PRE302', 2009, 2, 3, 'PROBABILIDAD Y ESTADISTIC', 6),
(1143, 'PRE302', 2009, 2, 3, 'PROBABILIDADES Y ESTADÍST', 7),
(1144, 'PRE302', 2010, 2, 3, 'PROBABILIDAD Y ESTADISTIC', 6),
(1145, 'PRE302', 2010, 2, 3, 'PROBABILIDADES Y ESTADÍST', 7),
(1146, 'PRE302', 2011, 2, 3, 'PROBABILIDAD Y ESTADISTIC', 6),
(1147, 'PRE302', 2011, 2, 3, 'PROBABILIDADES Y ESTADÍST', 7),
(1148, 'PRE302', 2012, 2, 3, 'PROBABILIDAD Y ESTADISTIC', 6),
(1149, 'PRE302', 2012, 2, 3, 'PROBABILIDADES Y ESTADÍST', 7),
(1150, 'PRE302', 2013, 2, 3, 'PROBABILIDAD Y ESTADISTIC', 6),
(1151, 'PRE302', 2013, 2, 3, 'PROBABILIDADES Y ESTADÍST', 7),
(1152, 'PRE302', 2014, 2, 3, 'PROBABILIDAD Y ESTADISTIC', 6),
(1153, 'PRE302', 2014, 2, 3, 'PROBABILIDADES Y ESTADÍST', 7),
(1154, 'PRE302', 2015, 2, 3, 'PROBABILIDAD Y ESTADISTIC', 6),
(1155, 'PRE302', 2015, 2, 3, 'PROBABILIDADES Y ESTADÍST', 7),
(1156, 'PRO401', 2010, 1, 4, 'PROBABILIDADES Y ESTADIST', 4),
(1157, 'PRO401', 2011, 1, 4, 'PROBABILIDADES Y ESTADIST', 4),
(1158, 'PRO401', 2012, 1, 4, 'PROBABILIDADES Y ESTADIST', 4),
(1159, 'PRO401', 2013, 1, 4, 'PROBABILIDADES Y ESTADIST', 4),
(1160, 'PRO401', 2014, 1, 4, 'PROBABILIDADES Y ESTADIST', 4),
(1161, 'PRO401', 2015, 1, 4, 'PROBABILIDADES Y ESTADIST', 4),
(1162, 'PRT400', 2015, 0, 4, 'PROBIDAD Y TRANSPARENCIA', 8),
(1163, 'PRT402', 2012, 2, 4, 'PROBIDAD Y TRANSPARENCIA', 8),
(1164, 'PRT402', 2013, 2, 4, 'PROBIDAD Y TRANSPARENCIA', 8),
(1165, 'PRT402', 2014, 2, 4, 'PROBIDAD Y TRANSPARENCIA', 8),
(1166, 'PSH100', 2014, 0, 1, 'PSU. HISTORIA', 1),
(1167, 'PSH100', 2015, 0, 1, 'PSU. HISTORIA', 1),
(1168, 'PSI200', 2012, 0, 2, 'PSICOLOGÍA APLIC. AL MAND', 7),
(1169, 'PSI201', 2009, 1, 2, 'PSICOLOGÍA APLIC. AL MAND', 5),
(1170, 'PSI201', 2009, 1, 2, 'PSICOLOGÍA APLIC. AL MAND', 6),
(1171, 'PSI201', 2009, 1, 2, 'PSICOLOGÍA APLIC. AL MAND', 7),
(1172, 'PSI201', 2010, 1, 2, 'PSICOLOGÍA APLIC. AL MAND', 5),
(1173, 'PSI201', 2010, 1, 2, 'PSICOLOGÍA APLIC. AL MAND', 6),
(1174, 'PSI201', 2010, 1, 2, 'PSICOLOGÍA APLIC. AL MAND', 7),
(1175, 'PSI201', 2011, 1, 2, 'PSICOLOGÍA APL. AL MANDO', 4),
(1176, 'PSI201', 2011, 1, 2, 'PSICOLOGÍA APLIC. AL MAND', 5),
(1177, 'PSI201', 2012, 1, 2, 'PSICOLOGÍA APLIC. AL MAND', 5),
(1178, 'PSI201', 2012, 1, 2, 'PSICOLOGÍA APL. AL MANDO', 6),
(1179, 'PSI201', 2012, 1, 2, 'PSICOLOGÍA APLIC. AL MAND', 7),
(1180, 'PSI201', 2013, 1, 2, 'PSICOLOGIA APLIC.AL MANDO', 3),
(1181, 'PSI201', 2013, 1, 2, 'PSICOLOGÍA APLIC. AL MAND', 5),
(1182, 'PSI201', 2013, 1, 2, 'PSICOLOGÍA APL. AL MANDO', 6),
(1183, 'PSI201', 2013, 1, 2, 'PSICOLOGÍA APLIC. AL MAND', 7),
(1184, 'PSI201', 2014, 1, 2, 'PSICOLOGIA APLIC.AL MANDO', 3),
(1185, 'PSI201', 2014, 1, 2, 'PSICOLOGÍA APLIC. AL MAND', 5),
(1186, 'PSI201', 2014, 1, 2, 'PSICOLOGÍA APL. AL MANDO', 6),
(1187, 'PSI201', 2014, 1, 2, 'PSICOLOGÍA APLIC. AL MAND', 7),
(1188, 'PSI201', 2015, 1, 2, 'PSICOLOGIA APLIC.AL MANDO', 3),
(1189, 'PSI201', 2015, 1, 2, 'PSICOLOGÍA APLIC. AL MAND', 5),
(1190, 'PSI201', 2015, 1, 2, 'PSICOLOGÍA APL. AL MANDO', 6),
(1191, 'PSI201', 2015, 1, 2, 'PSICOLOGÍA APLIC. AL MAND', 7),
(1192, 'PSI202', 2009, 2, 2, 'PSICOLOGÍA APLIC. AL MAND', 4),
(1193, 'PSI202', 2010, 2, 2, 'PSICOLOGÍA APLIC. AL MAND', 4),
(1194, 'PSI202', 2011, 2, 2, 'PSICOLOGÍA APL. AL MANDO', 6),
(1195, 'PSI202', 2011, 2, 2, 'PSICOLOGIA APLIC. AL MAND', 7),
(1196, 'PSI202', 2012, 2, 2, 'PSICOLOGIA APLIC.AL MANDO', 4),
(1197, 'PSI202', 2013, 2, 2, 'PSICOLOGIA APLIC.AL MANDO', 4),
(1198, 'PSI202', 2014, 2, 2, 'PSICOLOGIA APLIC.AL MANDO', 4),
(1199, 'PSI202', 2015, 2, 2, 'PSICOLOGIA APLIC.AL MANDO', 4),
(1200, 'PSL100', 2014, 0, 1, 'PSU. CASTELLANO', 1),
(1201, 'PSL100', 2015, 0, 1, 'PSU. CASTELLANO', 1),
(1202, 'PSM100', 2014, 0, 1, 'PSU. MATEMÁTICAS', 1),
(1203, 'PSM100', 2015, 0, 1, 'PSU. MATEMÁTICAS', 1),
(1204, 'PSM402', 2010, 2, 4, 'PSICOLOGÍA MANDO', 8),
(1205, 'QUI100', 2012, 0, 1, 'QUÍMICA GENERAL', 1),
(1206, 'QUI100', 2013, 0, 1, 'QUÍMICA GENERAL', 1),
(1207, 'QUI100', 2014, 0, 1, 'QUÍMICA GENERAL', 1),
(1208, 'QUI100', 2015, 0, 1, 'QUÍMICA GENERAL', 1),
(1209, 'QUI102', 2009, 2, 1, 'QUÍMICA APLICADA I', 1),
(1210, 'QUI102', 2010, 2, 1, 'QUÍMICA APLICADA I', 1),
(1211, 'QUI102', 2011, 2, 1, 'QUÍMICA APLICADA I', 1),
(1212, 'QUI102', 2012, 2, 1, 'QUÍMICA APLICADA I', 2),
(1213, 'QUI102', 2013, 2, 1, 'QUÍMICA APLICADA I', 2),
(1214, 'QUI102', 2014, 2, 1, 'QUÍMICA APLICADA I', 2),
(1215, 'QUI102', 2015, 2, 1, 'QUÍMICA APLICADA I', 2),
(1216, 'QUI201', 2009, 1, 2, 'QUÍMICA APLICADA II', 4),
(1217, 'QUI201', 2009, 1, 2, 'QUÍMICA APLICADA II LT.', 7),
(1218, 'QUI201', 2010, 1, 2, 'QUÍMICA APLICADA II', 4),
(1219, 'QUI201', 2010, 1, 2, 'QUÍMICA APLICADA II LT.', 7),
(1220, 'QUI201', 2011, 1, 2, 'QUÍMICA APLICADA II', 4),
(1221, 'QUI201', 2011, 1, 2, 'QUÍMICA APLICADA II LT.', 7),
(1222, 'QUI201', 2012, 1, 2, 'QUÍMICA APLICADA II', 4),
(1223, 'QUI201', 2012, 1, 2, 'QUÍMICA APLICADA II LT.', 7),
(1224, 'QUI201', 2013, 1, 2, 'QUIMICA APLICADA II', 3),
(1225, 'QUI201', 2013, 1, 2, 'QUÍMICA APLICADA II', 4),
(1226, 'QUI201', 2013, 1, 2, 'QUÍMICA APLICADA II LT.', 7),
(1227, 'QUI201', 2014, 1, 2, 'QUIMICA APLICADA II', 3),
(1228, 'QUI201', 2014, 1, 2, 'QUÍMICA APLICADA II', 4),
(1229, 'QUI201', 2014, 1, 2, 'QUÍMICA APLICADA II LT.', 7),
(1230, 'QUI201', 2015, 1, 2, 'QUIMICA APLICADA II', 3),
(1231, 'QUI201', 2015, 1, 2, 'QUÍMICA APLICADA II', 4),
(1232, 'QUI201', 2015, 1, 2, 'QUÍMICA APLICADA II LT.', 7),
(1233, 'QUI202', 2009, 2, 2, 'QUIMICA', 5),
(1234, 'QUI202', 2010, 2, 2, 'QUIMICA', 5),
(1235, 'QUI202', 2011, 2, 2, 'QUIMICA', 5),
(1236, 'QUI202', 2012, 2, 2, 'QUIMICA', 5),
(1237, 'QUI202', 2013, 2, 2, 'QUIMICA APLICADA II IM', 5),
(1238, 'QUI202', 2014, 2, 2, 'QUIMICA APLICADA II IM', 5),
(1239, 'QUI202', 2015, 2, 2, 'QUIMICA APLICADA II IM', 5),
(1240, 'REG402', 2012, 2, 4, 'REGLAMENTACIÓN', 8),
(1241, 'REG402', 2013, 2, 4, 'REGLAMENTACIÓN', 8),
(1242, 'REG402', 2014, 2, 4, 'REGLAMENTACIÓN', 8),
(1243, 'SAI402', 2014, 2, 4, 'SISTEMAS DE ARMAS / ING.', 6),
(1244, 'SAI402', 2015, 2, 4, 'SISTEMAS DE ARMAS / ING.', 6),
(1245, 'SAR302', 2013, 2, 3, 'SISTEMAS DE ARMAS II', 7),
(1246, 'SAR302', 2014, 2, 3, 'SISTEMAS DE ARMAS II', 7),
(1247, 'SAR302', 2015, 2, 3, 'SISTEMAS DE ARMAS II', 7),
(1248, 'SGS401', 2010, 1, 4, 'SEGURIDAD SANITARIA', 6),
(1249, 'SGS401', 2011, 1, 4, 'SEGURIDAD SANITARIA', 6),
(1250, 'SGS401', 2012, 1, 4, 'SEGURIDAD SANITARIA', 6),
(1251, 'SGS401', 2013, 1, 4, 'SEGU.SANIT.ALIMEN Y NUTRI', 6),
(1252, 'SGS401', 2014, 1, 4, 'SEGU.SANIT.ALIMEN Y NUTRI', 6),
(1253, 'SGS401', 2015, 1, 4, 'SEGU.SANIT.ALIMEN Y NUTRI', 6),
(1254, 'SIA301', 2012, 1, 3, 'SISTEMAS DE ARMAS LT', 7),
(1255, 'SIA302', 2011, 2, 3, 'SISTEMAS DE ARMAS', 4),
(1256, 'SIA302', 2011, 2, 3, 'SISTEMAS DE ARMAS LT', 7),
(1257, 'SIA302', 2012, 2, 3, 'SISTEMAS DE ARMAS', 4),
(1258, 'SIA302', 2013, 2, 3, 'SISTEMAS DE ARMAS', 4),
(1259, 'SIA302', 2014, 2, 3, 'SISTEMAS DE ARMAS', 4),
(1260, 'SIA302', 2015, 2, 3, 'SISTEMAS DE ARMAS', 4),
(1261, 'SIL401', 2014, 1, 4, 'SIST. INF. LOGÍSTICA', 6),
(1262, 'SIL401', 2015, 1, 4, 'SIST. INF. LOGÍSTICA', 6),
(1263, 'SIL402', 2014, 2, 4, 'SIST.INF.LOGÍSTICA II', 6),
(1264, 'SIL402', 2015, 2, 4, 'SIST.INF.LOGÍSTICA II', 6),
(1265, 'SIN301', 2011, 1, 3, 'SIST. DE INGENIERÍA', 4),
(1266, 'SIN301', 2012, 1, 3, 'SIST. DE INGENIERÍA', 4),
(1267, 'SIN301', 2013, 1, 3, 'SIST. DE INGENIERÍA', 4),
(1268, 'SIN301', 2013, 1, 3, 'SISTEMAS DE INGENIERÍA LT', 7),
(1269, 'SIN301', 2014, 1, 3, 'SIST. DE INGENIERÍA', 4),
(1270, 'SIN301', 2014, 1, 3, 'SISTEMAS DE INGENIERÍA LT', 7),
(1271, 'SIN301', 2015, 1, 3, 'SIST. DE INGENIERÍA', 4),
(1272, 'SIN301', 2015, 1, 3, 'SISTEMAS DE INGENIERÍA LT', 7),
(1273, 'SIN302', 2009, 2, 3, 'SISTEMAS DE INGENIERÍA', 4),
(1274, 'SIN302', 2009, 2, 3, 'SISTEMAS DE INGENIERÍA LT', 7),
(1275, 'SIN302', 2010, 2, 3, 'SISTEMAS DE INGENIERÍA', 4),
(1276, 'SIN302', 2010, 2, 3, 'SISTEMAS DE INGENIERÍA LT', 7),
(1277, 'SIN302', 2011, 2, 3, 'SISTEMAS DE INGENIERÍA LT', 7),
(1278, 'SIN302', 2012, 2, 3, 'SISTEMAS DE INGENIERÍA LT', 7),
(1279, 'SIN401', 2009, 1, 4, 'SIST. DE INGENIERÍA', 4),
(1280, 'SIN401', 2009, 1, 4, 'SIST. ARMAS /INGENIERÍA', 6),
(1281, 'SIN401', 2010, 1, 4, 'SIST. ARMAS /INGENIERÍA', 6),
(1282, 'SIN401', 2011, 1, 4, 'SIST. ARMAS /INGENIERÍA', 6),
(1283, 'SIN401', 2012, 1, 4, 'SIST. ARMAS /INGENIERÍA', 6),
(1284, 'SIN401', 2013, 1, 4, 'SIST. ARMAS /INGENIERÍA', 6),
(1285, 'SIS301', 2009, 1, 3, 'SISTEMAS DE ARMAS', 4),
(1286, 'SIS301', 2009, 1, 3, 'SISTEMAS DE ARMAS LT', 7),
(1287, 'SIS301', 2010, 1, 3, 'SISTEMAS DE ARMAS', 4),
(1288, 'SIS301', 2010, 1, 3, 'SISTEMAS DE ARMAS LT', 7),
(1289, 'SIS402', 2009, 2, 4, 'SISTEMAS INFORMACIÓN LOGI', 6),
(1290, 'SIS402', 2010, 2, 4, 'SISTEMAS INFORMACIÓN LOGI', 6),
(1291, 'SIS402', 2011, 2, 4, 'SISTEMAS INFORMACIÓN LOGI', 6),
(1292, 'SIS402', 2012, 2, 4, 'SISTEMAS INFORMACIÓN LOGI', 6),
(1293, 'SIS402', 2013, 2, 4, 'SISTEMAS INFORMACIÓN LOGI', 6),
(1294, 'TAC201', 2009, 1, 2, 'TACTICA I', 5),
(1295, 'TAC202', 2010, 2, 2, 'TÁCTICA', 5),
(1296, 'TAC202', 2011, 2, 2, 'TÁCTICA I', 5),
(1297, 'TAC202', 2012, 2, 2, 'TÁCTICA I', 5),
(1298, 'TAC202', 2013, 2, 2, 'TÁCTICA I', 5),
(1299, 'TAC202', 2014, 2, 2, 'TÁCTICA I', 5),
(1300, 'TAC202', 2015, 2, 2, 'TÁCTICA I', 5),
(1301, 'TAC301', 2009, 1, 3, 'TÁCTICA IM II', 5),
(1302, 'TAC301', 2010, 1, 3, 'TÁCTICA IM II', 5),
(1303, 'TAC301', 2011, 1, 3, 'TÁCTICA IM II', 5),
(1304, 'TAC301', 2012, 1, 3, 'TÁCTICA IM II', 5),
(1305, 'TAC301', 2013, 1, 3, 'TÁCTICA II IM', 5),
(1306, 'TAC301', 2014, 1, 3, 'TÁCTICA II IM', 5),
(1307, 'TAC301', 2015, 1, 3, 'TÁCTICA II IM', 5),
(1308, 'TAC302', 2009, 2, 3, 'TÁCTICA III', 5),
(1309, 'TAC302', 2010, 2, 3, 'TÁCTICA III', 5),
(1310, 'TAC302', 2011, 2, 3, 'TÁCTICA III', 5),
(1311, 'TAC302', 2012, 2, 3, 'TÁCTICA III', 5),
(1312, 'TAC302', 2013, 2, 3, 'TÁCTICA III', 5),
(1313, 'TAC302', 2014, 2, 3, 'TÁCTICA III', 5),
(1314, 'TAC302', 2015, 2, 3, 'TÁCTICA III', 5),
(1315, 'TAC401', 2010, 1, 4, 'TÁCTICA IV', 5),
(1316, 'TAC401', 2011, 1, 4, 'TÁCTICA IV', 5),
(1317, 'TAC401', 2012, 1, 4, 'TÁCTICA IV', 5),
(1318, 'TAC401', 2013, 1, 4, 'TÁCTICA IV', 5),
(1319, 'TAC401', 2014, 1, 4, 'TÁCTICA IV', 5),
(1320, 'TAC401', 2015, 1, 4, 'TÁCTICA IV', 5),
(1321, 'TAC402', 2012, 2, 4, 'TACTICA V', 5),
(1322, 'TAC402', 2013, 2, 4, 'TACTICA V', 5),
(1323, 'TAC402', 2014, 2, 4, 'TACTICA V', 5),
(1324, 'TAC402', 2015, 2, 4, 'TACTICA V', 5),
(1325, 'TEO301', 2009, 1, 3, 'TEORÍA DE LA ORGANIZACIÓN', 6),
(1326, 'TEO301', 2010, 1, 3, 'TEORÍA DE LA ORGANIZACIÓN', 6),
(1327, 'TEO301', 2011, 1, 3, 'TEORÍA DE LA ORGANIZACIÓN', 6),
(1328, 'TEO301', 2012, 1, 3, 'TEORÍA DE LA ORGANIZACIÓN', 6),
(1329, 'TEO301', 2013, 1, 3, 'TEORÍA DE LA ORGANIZACIÓN', 6),
(1330, 'TEO301', 2014, 1, 3, 'TEORÍA DE LA ORGANIZACIÓN', 6),
(1331, 'TEO301', 2015, 1, 3, 'TEORÍA DE LA ORGANIZACIÓN', 6),
(1332, 'UNA400', 2009, 0, 4, 'UNI. DE APOYO COMBATE II', 5),
(1333, 'UNI400', 2009, 0, 4, 'UNIDADES DE COMBATE II', 5),
(1334, 'UNI402', 2009, 2, 4, 'UNI. APOYO SERVI DEL COMB', 5);

-- --------------------------------------------------------

--
-- Estructura de tabla para la tabla `cadete`
--

DROP TABLE IF EXISTS `cadete`;
CREATE TABLE IF NOT EXISTS `cadete` (
  `rut` int(10) unsigned NOT NULL,
  `nCadete` int(10) unsigned NOT NULL,
  `direccion` varchar(100) DEFAULT NULL,
  `comuna` varchar(25) DEFAULT NULL,
  `ciudad` varchar(25) DEFAULT NULL,
  `region` varchar(25) DEFAULT NULL,
  `curso` varchar(2) NOT NULL,
  `division` varchar(2) DEFAULT NULL,
  `anoIngreso` int(10) unsigned NOT NULL,
  `anoNacimiento` int(10) unsigned DEFAULT NULL,
  `mesNacimiento` int(10) unsigned DEFAULT NULL,
  `diaNacimiento` int(10) unsigned DEFAULT NULL,
  `lugarNacimiento` varchar(100) DEFAULT NULL,
  `nacionalidad` varchar(25) NOT NULL,
  `seleccion` varchar(25) DEFAULT NULL,
  `nivel` varchar(25) DEFAULT NULL,
  `circulo` varchar(40) DEFAULT NULL,
  `especialidad_idespecialidad` int(11) NOT NULL
) ENGINE=InnoDB DEFAULT CHARSET=latin1;

--
-- Volcado de datos para la tabla `cadete`
--

INSERT INTO `cadete` (`rut`, `nCadete`, `direccion`, `comuna`, `ciudad`, `region`, `curso`, `division`, `anoIngreso`, `anoNacimiento`, `mesNacimiento`, `diaNacimiento`, `lugarNacimiento`, `nacionalidad`, `seleccion`, `nivel`, `circulo`, `especialidad_idespecialidad`) VALUES
(17559990, 190, NULL, NULL, NULL, NULL, '3C', '07', 2009, 1990, 12, 8, 'VALPARAISO', 'CHILENA', 'VELA', 'Aficionado', 'TEATRO', 4),
(17992236, 511, NULL, NULL, NULL, NULL, '4B', 'B', 2010, 1991, 10, 23, 'SAN FERNANDO', 'CHILENA', 'FUTBOL', 'Aficionado', 'MUSICA MODERNA', 4),
(18176975, 517, NULL, NULL, NULL, NULL, '4D', 'B', 2011, 1992, 12, 8, 'TALCA', 'CHILENA', 'ATLETISMO', 'Aficionado', 'PASTORAL', 4),
(18203039, 223, NULL, NULL, NULL, NULL, '4I', 'B', 2011, 1993, 3, 13, 'CAUQUENES', 'CHILENA', 'JUDO', 'Olimpico', 'BANDA DE GUERRA', 5),
(18312151, 458, NULL, NULL, NULL, NULL, '4L', 'B', 2011, 1993, 2, 6, 'ANTOFAGASTA', 'sin identificar', 'FUTBOL', 'Aficionado', 'BANDA DE GUERRA', 7);

-- --------------------------------------------------------

--
-- Estructura de tabla para la tabla `cadete_apoderado`
--

DROP TABLE IF EXISTS `cadete_apoderado`;
CREATE TABLE IF NOT EXISTS `cadete_apoderado` (
  `idcadete_apoderado` int(10) unsigned NOT NULL,
  `cadete_rut` int(10) unsigned NOT NULL,
  `apoderado_rut` int(10) unsigned NOT NULL,
  `tipoApoderado` enum('Padre','Madre','Apoderado suplente','Apoderado Titular') NOT NULL
) ENGINE=InnoDB DEFAULT CHARSET=latin1;

--
-- Volcado de datos para la tabla `cadete_apoderado`
--

INSERT INTO `cadete_apoderado` (`idcadete_apoderado`, `cadete_rut`, `apoderado_rut`, `tipoApoderado`) VALUES
(1927, 17559990, 7089557, 'Padre'),
(1928, 17559990, 9693262, 'Padre'),
(1929, 17992236, 6821677, 'Padre'),
(1930, 17992236, 8662591, 'Padre'),
(1931, 17992236, 15121504, 'Apoderado Titular'),
(1932, 17992236, 16309340, 'Padre'),
(1933, 18176975, 4954924, 'Padre'),
(1934, 18176975, 7763080, 'Padre'),
(1935, 18176975, 8551041, 'Padre'),
(1936, 18176975, 9978078, 'Apoderado Titular'),
(1937, 18203039, 6378128, 'Padre'),
(1938, 18203039, 6392614, 'Padre'),
(1939, 18203039, 8016825, 'Padre'),
(1940, 18203039, 10738140, 'Apoderado Titular'),
(1941, 18312151, 9707695, 'Padre'),
(1942, 18312151, 10263684, 'Padre');

-- --------------------------------------------------------

--
-- Estructura de tabla para la tabla `calificaciones`
--

DROP TABLE IF EXISTS `calificaciones`;
CREATE TABLE IF NOT EXISTS `calificaciones` (
  `idcalificaciones` int(11) NOT NULL,
  `ano` int(11) DEFAULT NULL,
  `semestre` tinyint(4) NOT NULL,
  `mando` float NOT NULL,
  `interes_profesional` float NOT NULL,
  `personalidad_madurez` float NOT NULL,
  `responsabilidad` float NOT NULL,
  `espiritu_militar` float NOT NULL,
  `cooperacion` float NOT NULL,
  `conducta` float NOT NULL,
  `aptitud_fisica` float NOT NULL,
  `tenida_orden_aseo` float NOT NULL,
  `final` float NOT NULL,
  `cadete_rut` int(10) unsigned NOT NULL
) ENGINE=InnoDB DEFAULT CHARSET=latin1;

--
-- Volcado de datos para la tabla `calificaciones`
--

INSERT INTO `calificaciones` (`idcalificaciones`, `ano`, `semestre`, `mando`, `interes_profesional`, `personalidad_madurez`, `responsabilidad`, `espiritu_militar`, `cooperacion`, `conducta`, `aptitud_fisica`, `tenida_orden_aseo`, `final`, `cadete_rut`) VALUES
(1, 2013, 1, 7, 8, 7.37, 7.16, 7.83, 8, 7.96, 6.25, 8, 7, 17559990),
(2, 2013, 2, 6.6, 7.83, 7.58, 8, 7.5, 7.84, 7.52, 8, 8, 6.87, 17559990),
(3, 2014, 1, 7.4, 8.66, 7.82, 7.33, 8, 8, 8.28, 7.5, 7.92, 7.34, 17559990),
(4, 2014, 2, 7.4, 8.83, 7.34, 6.83, 7.83, 7.46, 7.4, 7.88, 7.07, 6.66, 17559990),
(5, 2015, 1, 7.8, 8.83, 7.96, 7.66, 7.83, 7.61, 7.92, 6.5, 7.07, 7.68, 17559990),
(6, 2010, 1, 0, 7.81, 7.9, 7.5, 7.5, 7.6, 8.14, 7.71, 8.2, 7.76, 17992236),
(7, 2010, 2, 0, 8.54, 7.27, 7.33, 7.8, 8, 8.57, 8, 7.6, 7.93, 17992236),
(8, 2011, 1, 7.7, 7.5, 7.81, 8, 8, 8, 8, 8, 7.8, 7.88, 17992236),
(9, 2011, 2, 8.1, 8, 7.72, 8.33, 8.33, 8.2, 8.14, 7.5, 8.4, 7, 17992236),
(10, 2012, 1, 7.2, 8, 6.72, 6, 7.5, 7.2, 5.42, 7.87, 7.4, 6.97, 17992236),
(11, 2012, 2, 7.9, 7.66, 7.93, 7.83, 7.66, 8, 7.84, 7.91, 6.42, 7.51, 17992236),
(12, 2013, 1, 8, 9, 8, 7.66, 8, 7.92, 7.92, 8.66, 7.28, 7.98, 17992236),
(13, 2013, 2, 8, 7, 7.65, 8, 8, 8.46, 8.16, 8.16, 8, 7.96, 17992236),
(14, 2014, 1, 7.3, 8.66, 8.37, 8, 7.83, 7.53, 8.12, 8.41, 8.07, 8.02, 17992236),
(15, 2014, 2, 8.2, 8.5, 7.96, 6.83, 8.66, 8.46, 8.8, 8.66, 8.78, 7.45, 17992236),
(16, 2015, 1, 7.6, 8.5, 7.37, 6.83, 7.66, 7.3, 7.64, 7.66, 7.07, 7.01, 17992236),
(17, 2011, 1, 0, 7.33, 7, 7, 8, 7.5, 6.14, 5.75, 8, 7.12, 18176975),
(18, 2011, 2, 0, 8.66, 7.09, 7.33, 7.8, 8, 7.28, 5.75, 7, 7.43, 18176975),
(19, 2012, 1, 7.4, 8.33, 6.63, 7.83, 7.66, 7.4, 6, 6.12, 7.8, 7, 18176975),
(20, 2012, 2, 7.4, 8, 7.03, 7.83, 8, 7.76, 8.32, 6.83, 8.92, 7.28, 18176975),
(21, 2013, 1, 7.8, 9.5, 7.75, 7.33, 7.83, 7.38, 7.24, 6.88, 8, 6.83, 18176975),
(22, 2013, 2, 7.6, 9.5, 7.72, 7.16, 7.83, 7.92, 7.64, 6, 7.85, 7.1, 18176975),
(23, 2014, 1, 7.2, 7.83, 7.24, 6.66, 8, 6.92, 5.92, 6.44, 7.07, 6.51, 18176975),
(24, 2014, 2, 7.8, 7.33, 7.2, 6.5, 7.5, 7.61, 7.4, 5.41, 7.85, 6.4, 18176975),
(25, 2015, 1, 6.5, 8.5, 6.82, 6.16, 6.83, 6.61, 7.6, 6.16, 7.07, 6.42, 18176975),
(26, 2011, 1, 0, 7.33, 6.72, 6.16, 7.2, 7, 6.57, 8.12, 7.2, 6.98, 18203039),
(27, 2011, 2, 0, 8.66, 6.81, 6.5, 7, 7.5, 6.71, 9.12, 7, 7.34, 18203039),
(28, 2012, 1, 0, 8, 7, 6.83, 7.4, 7.75, 6.28, 9.37, 7.4, 7, 18203039),
(29, 2012, 2, 0, 9.16, 8.06, 7.83, 8, 7.58, 7.24, 9.08, 7.85, 7.64, 18203039),
(30, 2013, 1, 7.2, 9, 8.1, 8.5, 8, 8.46, 7.68, 9.25, 8.07, 7.89, 18203039),
(31, 2013, 2, 7.9, 8, 7.58, 7.66, 8, 8.38, 7.68, 9.25, 8.78, 8.05, 18203039),
(32, 2014, 1, 7.6, 8.33, 7.93, 7.5, 8.16, 7.23, 6.76, 9.25, 7.14, 7.19, 18203039),
(33, 2014, 2, 7.9, 7.66, 7.58, 7.66, 8.5, 8.84, 7.6, 9.75, 7.71, 7.56, 18203039),
(34, 2015, 1, 7.9, 8.5, 7.93, 7.66, 8, 8, 7.36, 9.16, 8, 7.49, 18203039),
(35, 2012, 1, 0, 8, 7.45, 7.66, 8.2, 8, 7.71, 7.6, 7.4, 7, 18312151),
(36, 2012, 2, 0, 7.66, 7.34, 7, 8, 7.58, 7.6, 7.41, 8, 7.22, 18312151),
(37, 2013, 1, 7.8, 8, 7.89, 7.66, 8.5, 8.07, 8.12, 6.91, 8.64, 7.46, 18312151),
(38, 2013, 2, 7.9, 8.66, 7.86, 7.33, 8.16, 7.23, 7.84, 8.08, 8.07, 7.81, 18312151),
(39, 2014, 1, 7.3, 8.66, 7.55, 7, 7.16, 7.38, 7.28, 7.75, 7.07, 6.88, 18312151),
(40, 2014, 2, 6.8, 7.16, 7.96, 6.83, 7.66, 8.38, 7, 8.08, 7.85, 6.69, 18312151),
(41, 2015, 1, 8, 8.66, 7.37, 7.33, 8.33, 7.15, 8, 7.41, 8.07, 7.32, 18312151);

-- --------------------------------------------------------

--
-- Estructura de tabla para la tabla `certificado`
--

DROP TABLE IF EXISTS `certificado`;
CREATE TABLE IF NOT EXISTS `certificado` (
`idcertificado` int(11) NOT NULL,
  `fecha_solicitud` varchar(50) NOT NULL,
  `fecha_vencimiento` varchar(50) DEFAULT NULL,
  `fecha_aprobacion` varchar(50) DEFAULT NULL,
  `motivo_idmotivo` int(11) NOT NULL,
  `usuario_rut` int(10) unsigned NOT NULL,
  `tipo_certificado_idtipo_certificado` int(11) NOT NULL,
  `cadete_rut` int(10) unsigned NOT NULL
) ENGINE=InnoDB AUTO_INCREMENT=10 DEFAULT CHARSET=latin1;

--
-- Volcado de datos para la tabla `certificado`
--

INSERT INTO `certificado` (`idcertificado`, `fecha_solicitud`, `fecha_vencimiento`, `fecha_aprobacion`, `motivo_idmotivo`, `usuario_rut`, `tipo_certificado_idtipo_certificado`, `cadete_rut`) VALUES
(1, '2015-11-10 16:19:40', NULL, NULL, 1, 7763080, 1, 18176975),
(2, '2015-11-10 16:20:48', NULL, NULL, 3, 4954924, 1, 18176975),
(3, '2015-11-10 16:21:37', NULL, NULL, 1, 4954924, 1, 18176975),
(4, '2015-11-10 16:46:21', '2016-01-10 19:24:06', '2015-11-11 19:24:06', 2, 4954924, 1, 18176975),
(5, '2015-11-11 18:44:25', NULL, NULL, 3, 4954924, 1, 18176975),
(6, '2015-11-11 18:47:12', NULL, NULL, 1, 4954924, 1, 18176975),
(7, '2015-11-11 19:22:38', NULL, NULL, 1, 4954924, 1, 18176975),
(8, '2015-11-11 19:27:36', NULL, NULL, 2, 4954924, 1, 18176975),
(9, '2015-11-11 19:28:05', NULL, NULL, 3, 4954924, 1, 18176975);

-- --------------------------------------------------------

--
-- Estructura de tabla para la tabla `concepto`
--

DROP TABLE IF EXISTS `concepto`;
CREATE TABLE IF NOT EXISTS `concepto` (
`idconcepto` int(11) NOT NULL,
  `nombre` varchar(50) NOT NULL,
  `codigo` varchar(2) NOT NULL
) ENGINE=InnoDB AUTO_INCREMENT=7 DEFAULT CHARSET=latin1;

--
-- Volcado de datos para la tabla `concepto`
--

INSERT INTO `concepto` (`idconcepto`, `nombre`, `codigo`) VALUES
(1, 'Trabajo de síntesis ', 'S'),
(2, 'Interrogación oral', 'I'),
(3, 'Trabajo e laboratorio', 'L'),
(4, 'Prueba avisada según calendario', 'P'),
(5, 'Prueba especial de recuperación', 'R'),
(6, 'Quist ', 'C');

-- --------------------------------------------------------

--
-- Estructura de tabla para la tabla `departamento`
--

DROP TABLE IF EXISTS `departamento`;
CREATE TABLE IF NOT EXISTS `departamento` (
`iddepartamento` int(10) unsigned NOT NULL,
  `nombre` varchar(25) NOT NULL
) ENGINE=InnoDB AUTO_INCREMENT=4 DEFAULT CHARSET=latin1;

--
-- Volcado de datos para la tabla `departamento`
--

INSERT INTO `departamento` (`iddepartamento`, `nombre`) VALUES
(1, 'Informática'),
(2, 'Educación'),
(3, 'Abastecimiento');

-- --------------------------------------------------------

--
-- Estructura de tabla para la tabla `especialidad`
--

DROP TABLE IF EXISTS `especialidad`;
CREATE TABLE IF NOT EXISTS `especialidad` (
`idespecialidad` int(11) NOT NULL,
  `codigo` varchar(1) NOT NULL,
  `nombre` varchar(45) NOT NULL
) ENGINE=InnoDB AUTO_INCREMENT=9 DEFAULT CHARSET=latin1;

--
-- Volcado de datos para la tabla `especialidad`
--

INSERT INTO `especialidad` (`idespecialidad`, `codigo`, `nombre`) VALUES
(1, 'A', 'Politecnico'),
(2, 'B', 'Politecnico'),
(3, 'C', 'CEPO'),
(4, 'E', 'ECO'),
(5, 'I', 'INDIA'),
(6, 'J', 'Abastecimiento'),
(7, 'L', 'Litoral'),
(8, 'O', 'Oficial de mar');

-- --------------------------------------------------------

--
-- Estructura de tabla para la tabla `francos`
--

DROP TABLE IF EXISTS `francos`;
CREATE TABLE IF NOT EXISTS `francos` (
  `idfrancos` int(11) NOT NULL,
  `fecha_salida` varchar(50) DEFAULT NULL,
  `hora_salida` varchar(50) DEFAULT NULL,
  `hora_recogida` varchar(50) DEFAULT NULL,
  `fecha_recogida` varchar(50) DEFAULT NULL,
  `asignatura_bajo` varchar(258) DEFAULT NULL,
  `observaciones` varchar(154) DEFAULT NULL,
  `cadete_rut` int(10) unsigned NOT NULL
) ENGINE=InnoDB DEFAULT CHARSET=latin1;

--
-- Volcado de datos para la tabla `francos`
--

INSERT INTO `francos` (`idfrancos`, `fecha_salida`, `hora_salida`, `hora_recogida`, `fecha_recogida`, `asignatura_bajo`, `observaciones`, `cadete_rut`) VALUES
(1, ' 3 de OCTUBRE   ', '12,30', '7,20', ' 5 de OCTUBRE   ', '                                \n                                \n                                \n                                \n', '                                    \n                             \n                           ', 17559990),
(2, ' 3 de OCTUBRE   ', '12,30', '7,20', ' 5 de OCTUBRE   ', '                                \n                                \n                                \n                                \n', '                                    \n                             \n                           ', 18203039),
(3, ' 3 de OCTUBRE   ', '12,30', '7,20', ' 5 de OCTUBRE   ', '                                \n                                \n                                \n                                \n', '                                    \n                             \n                           ', 18312151),
(4, ' 2 de OCTUBRE   ', '19,00', '7,45', ' 3 de OCTUBRE   ', '                                \n                                \n                                \n                                \n', '                                    \n                             \n                           ', 17992236),
(5, ' 3 de OCTUBRE   ', '12,30', '21,00', ' 4 de OCTUBRE   ', '                                \n                                \n                                \n                                \n', '                                    \n                             \n                           ', 17992236),
(6, ' 3 de OCTUBRE   ', '20,30', '23,30', ' 3 de OCTUBRE   ', '                                \n                                \n                                \n                                \n', '                                    \n                             \nHORAS POR FALTA         8,0', 18176975),
(7, ' 4 de OCTUBRE   ', '11,00', '7,20', ' 5 de OCTUBRE   ', 'CALCULO II                 4,2  \r\n                                \r\n                                \r\n                                \r\n', '                                    \nHRS. ESTUDIO ADICIONAL  2,00 \nHORAS POR FALTA        10,0', 18176975),
(8, ' 4 de OCTUBRE   ', '10,30', '21,00', ' 4 de OCTUBRE   ', '                                \n                                \n                                \n                                \n', '                                    \n                             \nHORAS POR FALTA         8,0', 18176975);

-- --------------------------------------------------------

--
-- Estructura de tabla para la tabla `funcionario`
--

DROP TABLE IF EXISTS `funcionario`;
CREATE TABLE IF NOT EXISTS `funcionario` (
  `rut` int(10) unsigned NOT NULL,
  `departamento_iddepartamento` int(10) unsigned DEFAULT NULL,
  `tipo` enum('Administrador','administrativo') NOT NULL
) ENGINE=InnoDB DEFAULT CHARSET=latin1;

--
-- Volcado de datos para la tabla `funcionario`
--

INSERT INTO `funcionario` (`rut`, `departamento_iddepartamento`, `tipo`) VALUES
(17558919, 2, 'administrativo');

-- --------------------------------------------------------

--
-- Estructura de tabla para la tabla `ingles_tae`
--

DROP TABLE IF EXISTS `ingles_tae`;
CREATE TABLE IF NOT EXISTS `ingles_tae` (
  `idingles_tae` int(11) NOT NULL,
  `ano` int(11) NOT NULL,
  `mes` int(11) NOT NULL,
  `speaking` int(11) NOT NULL,
  `understanding` int(11) NOT NULL,
  `writing` int(11) NOT NULL,
  `average` int(11) NOT NULL,
  `cadete_rut` int(10) unsigned NOT NULL
) ENGINE=InnoDB DEFAULT CHARSET=latin1;

--
-- Volcado de datos para la tabla `ingles_tae`
--

INSERT INTO `ingles_tae` (`idingles_tae`, `ano`, `mes`, `speaking`, `understanding`, `writing`, `average`, `cadete_rut`) VALUES
(1, 2013, 10, 45, 68, 67, 57, 17559990),
(2, 2010, 3, 42, 49, 7, 41, 17992236),
(3, 2011, 10, 40, 61, 40, 48, 17992236),
(4, 2012, 10, 44, 54, 38, 47, 17992236),
(5, 2013, 10, 27, 88, 50, 54, 17992236),
(6, 2011, 3, 8, 28, 0, 15, 18176975),
(7, 2011, 10, 14, 45, 15, 27, 18176975),
(8, 2012, 10, 24, 40, 18, 28, 18176975),
(9, 2013, 10, 49, 53, 40, 50, 18176975),
(10, 2011, 3, 75, 86, 57, 78, 18203039),
(11, 2011, 10, 70, 92, 52, 77, 18203039),
(12, 2012, 10, 73, 81, 52, 74, 18203039),
(13, 2013, 10, 78, 78, 67, 77, 18203039),
(14, 2011, 3, 18, 35, 17, 35, 18312151),
(15, 2012, 3, 18, 35, 17, 35, 18312151),
(16, 2012, 10, 38, 40, 38, 39, 18312151),
(17, 2013, 10, 38, 59, 53, 48, 18312151);

-- --------------------------------------------------------

--
-- Estructura de tabla para la tabla `motivo`
--

DROP TABLE IF EXISTS `motivo`;
CREATE TABLE IF NOT EXISTS `motivo` (
  `idmotivo` int(11) NOT NULL,
  `motivo` varchar(50) NOT NULL
) ENGINE=InnoDB DEFAULT CHARSET=latin1;

--
-- Volcado de datos para la tabla `motivo`
--

INSERT INTO `motivo` (`idmotivo`, `motivo`) VALUES
(1, 'Asignación familiar'),
(2, 'Presentar en embajada'),
(3, 'Fines que estime convenientes');

-- --------------------------------------------------------

--
-- Estructura de tabla para la tabla `nivelacion`
--

DROP TABLE IF EXISTS `nivelacion`;
CREATE TABLE IF NOT EXISTS `nivelacion` (
  `idnivelacion` int(11) NOT NULL,
  `ano` int(11) NOT NULL,
  `semestre` tinyint(4) NOT NULL,
  `etapa` tinyint(4) DEFAULT NULL,
  `marca_100_mt` float DEFAULT NULL,
  `marca_1000_mt` float DEFAULT NULL,
  `marca_salto_largo` float DEFAULT NULL,
  `marca_bala` float DEFAULT NULL,
  `marca_100_libre` float DEFAULT NULL,
  `marca_bajo_agua` float DEFAULT NULL,
  `marca_trepa` float DEFAULT NULL,
  `marca_abdominales` float DEFAULT NULL,
  `marca_extension_brazos` float DEFAULT NULL,
  `marca_cooper` float DEFAULT NULL,
  `nota_100_mt` float DEFAULT NULL,
  `nota_1000_mt` float DEFAULT NULL,
  `nota_salto_largo` float DEFAULT NULL,
  `nota_bala` float DEFAULT NULL,
  `nota_100_libre` float DEFAULT NULL,
  `nota_bajo_agua` float DEFAULT NULL,
  `nota_trepa` float DEFAULT NULL,
  `nota_abdominales` float DEFAULT NULL,
  `nota_extension_brazos` float DEFAULT NULL,
  `nota_final` float DEFAULT NULL,
  `cadete_rut` int(10) unsigned NOT NULL,
  `observacion` varchar(30) DEFAULT NULL
) ENGINE=InnoDB DEFAULT CHARSET=latin1;

--
-- Volcado de datos para la tabla `nivelacion`
--

INSERT INTO `nivelacion` (`idnivelacion`, `ano`, `semestre`, `etapa`, `marca_100_mt`, `marca_1000_mt`, `marca_salto_largo`, `marca_bala`, `marca_100_libre`, `marca_bajo_agua`, `marca_trepa`, `marca_abdominales`, `marca_extension_brazos`, `marca_cooper`, `nota_100_mt`, `nota_1000_mt`, `nota_salto_largo`, `nota_bala`, `nota_100_libre`, `nota_bajo_agua`, `nota_trepa`, `nota_abdominales`, `nota_extension_brazos`, `nota_final`, `cadete_rut`, `observacion`) VALUES
(1, 2010, 1, 0, 0, 0, 0, 0, 0, 0, 0, 0, 0, 2510, 0, 0, 0, 0, 0, 0, 0, 0, 0, 0, 17559990, NULL),
(2, 2010, 1, 1, 0, 0, 0, 0, 0, 0, 0, 0, 0, 2850, 0, 0, 0, 0, 0, 0, 0, 0, 0, 0, 17559990, 'SALE DE NIVELACION'),
(3, 2010, 2, 0, 13.5, 3.39, 4.13, 7.72, 1.28, 25, 25.8, 50, 25, 2790, 6, 4.3, 4.43, 4.44, 9.4, 10, 3.4, 6, 10, 0, 17559990, NULL),
(4, 2010, 2, 1, 13.9, 3.48, 4.23, 7.07, 0, 0, 20.4, 54, 26, 0, 5.2, 3.4, 4.76, 3.14, 0, 0, 6.1, 6.8, 10, 0, 17559990, 'SUPERA    G'),
(5, 2010, 2, 2, 14.5, 3.35, 4.11, 7.36, 0, 0, 0, 0, 0, 2810, 4, 4.7, 4.36, 3.72, 0, 0, 0, 0, 0, 0, 17559990, 'SUPERA          C'),
(6, 2011, 1, 0, 13.4, 3.24, 4.22, 8.15, 1.28, 25, 17.4, 60, 26, 2520, 6.2, 5.8, 4.73, 5.3, 9.4, 10, 7.6, 8, 10, 0, 17559990, NULL),
(7, 2011, 1, 1, 14, 3.47, 3.97, 7.23, 0, 0, 0, 0, 0, 2840, 5, 3.5, 3.9, 3.46, 0, 0, 0, 0, 0, 0, 17559990, 'SUPERA          C'),
(8, 2011, 1, 2, 14.3, 3.33, 3.9, 7.36, 0, 0, 0, 0, 0, 0, 4.4, 4.9, 3.66, 3.72, 0, 0, 0, 0, 0, 0, 17559990, NULL),
(9, 2011, 1, 3, 13.4, 3.37, 4.28, 7.1, 0, 0, 0, 0, 0, 0, 6.2, 4.5, 4.93, 3.2, 0, 0, 0, 0, 0, 0, 17559990, NULL),
(10, 2011, 2, 0, 13.3, 3.27, 4.6, 7.82, 1.32, 25, 18, 58, 30, 0, 6.4, 5.5, 6, 4.64, 9, 10, 7.3, 7.6, 10, 0, 17559990, NULL),
(11, 2011, 2, 1, 13.9, 3.41, 4.2, 8.1, 0, 0, 0, 0, 0, 0, 5.2, 4.1, 4.66, 5.2, 0, 0, 0, 0, 0, 0, 17559990, NULL),
(12, 2011, 2, 2, 13.7, 3.38, 4.17, 7.78, 0, 0, 0, 0, 0, 0, 5.6, 4.4, 4.56, 4.56, 0, 0, 0, 0, 0, 0, 17559990, NULL),
(13, 2011, 2, 3, 13.1, 3.3, 4.45, 7.88, 0, 0, 0, 0, 0, 0, 6.8, 5.2, 5.5, 4.76, 0, 0, 0, 0, 0, 0, 17559990, NULL),
(14, 2012, 1, 0, 0, 0, 0, 0, 0, 0, 0, 0, 0, 2640, 0, 0, 0, 0, 0, 0, 0, 0, 0, 0, 17559990, NULL),
(15, 2012, 2, 0, 0, 0, 0, 0, 1.32, 25, 0, 0, 0, 2610, 0, 0, 0, 0, 8.8, 10, 0, 0, 0, 0, 17559990, 'F.I. A   G'),
(16, 2012, 2, 1, 13.8, 3.39, 4.6, 8.17, 0, 0, 20.6, 53, 20, 2690, 5, 4, 5.66, 4.34, 0, 0, 5.6, 6.2, 10, 0, 17559990, 'SUPERA    G'),
(17, 2012, 2, 2, 13.3, 3.41, 4.55, 8.78, 0, 0, 0, 0, 0, 2810, 6, 3.8, 5.5, 5.56, 0, 0, 0, 0, 0, 0, 17559990, 'SUPERA          C'),
(18, 2013, 2, 0, 13.5, 3.25, 4.49, 9.3, 1.42, 25, 35.5, 44, 9, 0, 6.4, 6.1, 5.96, 7.8, 8.2, 10, 0, 5.2, 5.5, 0, 17559990, '               NR.COOPER'),
(19, 2013, 2, 1, 0, 0, 0, 0, 0, 0, 0, 0, 0, 0, 0, 0, 0, 0, 0, 0, 0, 0, 1, 0, 17559990, NULL),
(20, 2013, 2, 2, 0, 0, 0, 0, 0, 0, 0, 0, 0, 0, 0, 0, 0, 0, 0, 0, 0, 0, 1, 0, 17559990, NULL),
(21, 2014, 1, 0, 0, 0, 0, 0, 1.47, 25, 0, 0, 0, 2650, 0, 0, 0, 0, 7.7, 10, 0, 0, 0, 0, 17559990, 'F.I. A   G'),
(22, 2014, 1, 1, 14, 3.37, 4.35, 9.05, 0, 0, 22.1, 63, 10, 2810, 5.4, 4.9, 5.5, 7.55, 0, 0, 5.65, 9, 6, 0, 17559990, 'SUPERA    G     C'),
(23, 2014, 1, 2, 14.2, 3.19, 4.55, 9.88, 0, 0, 0, 0, 0, 0, 5, 6.7, 6.16, 8.38, 0, 0, 0, 0, 0, 0, 17559990, 'SALE DE NIVELACION'),
(24, 2014, 2, 0, 13.6, 3.16, 4.6, 11.2, 1.38, 25, 25.8, 62, 14, 0, 5.8, 6.6, 6, 9.2, 8.4, 10, 3.4, 8.4, 7.5, 0, 17559990, NULL),
(25, 2014, 2, 1, 0, 0, 0, 0, 0, 0, 21.3, 60, 14, 0, 0, 0, 0, 0, 0, 0, 5.65, 8, 7.5, 0, 17559990, 'SALE DE NIVELACION'),
(26, 2015, 1, 0, 13.5, 3.26, 4.48, 9.92, 0, 0, 21.4, 63, 15, 0, 6, 5.6, 5.6, 7.92, 0, 0, 5.6, 8.6, 8, 0, 17559990, NULL),
(27, 2015, 1, 1, 13.9, 3.25, 4.6, 10.02, 1.38, 25, 0, 0, 0, 0, 5.2, 5.7, 6, 8.02, 8.4, 10, 0, 0, 0, 0, 17559990, 'SUPERA      N'),
(28, 2015, 1, 2, 13.5, 3.22, 4.33, 9.71, 0, 0, 0, 0, 0, 0, 6, 6, 5.1, 7.71, 0, 0, 0, 0, 0, 0, 17559990, 'SALE DE NIVELACION'),
(29, 2010, 2, 0, 12.9, 3.13, 4.61, 9.16, 2.26, 13, 21, 61, 10, 0, 8.2, 8.1, 7.03, 8.16, 4.2, 6, 7, 9.4, 6.5, 0, 17992236, NULL),
(30, 2010, 2, 1, 0, 0, 0, 0, 2.17, 16, 0, 0, 0, 0, 0, 0, 0, 0, 5.1, 8.5, 0, 0, 0, 0, 17992236, NULL),
(31, 2010, 2, 2, 0, 0, 0, 0, 2.07, 17, 0, 0, 0, 0, 0, 0, 0, 0, 6.1, 9, 0, 0, 0, 0, 17992236, 'SALE DE NIVELACION'),
(32, 2015, 1, 0, 0, 0, 0, 0, 0, 0, 0, 0, 0, 0, 0, 0, 0, 0, 0, 0, 0, 0, 0, 0, 17992236, NULL),
(33, 2015, 1, 1, 12.9, 3.24, 5.05, 10.25, 1.43, 25, 16.8, 63, 15, 0, 7.2, 5.8, 7.5, 8.25, 7.9, 10, 7.9, 8.6, 8, 0, 17992236, 'SALE DE NIVELACION'),
(34, 2010, 1, 0, 0, 0, 0, 0, 2.05, 17.5, 0, 0, 0, 2030, 0, 0, 0, 0, 6.7, 8.25, 0, 0, 0, 0, 18176975, 'F.I. A   G'),
(35, 2010, 1, 1, 0, 0, 0, 0, 0, 0, 1, 38, 0, 2380, 0, 0, 0, 0, 0, 0, 0, 5.6, 2.5, 0, 18176975, NULL),
(36, 2010, 1, 2, 0, 0, 0, 0, 0, 0, 60, 42, 1, 2280, 0, 0, 0, 0, 0, 0, 0, 6.4, 3, 0, 18176975, NULL),
(37, 2010, 1, 3, 0, 0, 0, 0, 0, 0, 60, 42, 0, 2300, 0, 0, 0, 0, 0, 0, 0, 6.4, 2.5, 0, 18176975, NULL),
(38, 2010, 1, 4, 0, 0, 0, 0, 0, 0, 0, 0, 0, 0, 0, 0, 0, 0, 0, 0, 0, 0, 2.5, 0, 18176975, NULL),
(39, 2010, 2, 0, 0, 0, 0, 0, 2.13, 17, 60, 41, 0, 2150, 0, 0, 0, 0, 5.7, 6, 0, 5.8, 2, 0, 18176975, 'F.I. A'),
(40, 2010, 2, 1, 18.9, 4.35, 3.03, 5.6, 2.08, 19, 80, 41, 0, 2300, 0, 1.6, 4.1, 2.8, 6.2, 8, 0, 5.8, 2, 0, 18176975, 'SUPERA      N'),
(41, 2010, 2, 2, 17.7, 4.35, 3.22, 5.6, 0, 0, 0, 0, 0, 2365, 1.6, 1.6, 4.73, 2.8, 0, 0, 0, 0, 2, 0, 18176975, NULL),
(42, 2010, 2, 3, 0, 0, 0, 0, 0, 0, 0, 0, 0, 2250, 0, 0, 0, 0, 0, 0, 0, 0, 2, 0, 18176975, NULL),
(43, 2011, 2, 0, 14.6, 3.44, 3.93, 6.6, 1.46, 19, 22.8, 60, 17, 2700, 4.8, 5, 4.76, 4.2, 8.2, 10, 6.1, 9.2, 10, 0, 18176975, NULL),
(44, 2011, 2, 1, 15.4, 3.58, 3.59, 5.98, 0, 0, 0, 0, 0, 0, 3.2, 3.6, 3.63, 2.96, 0, 0, 0, 0, 0, 0, 18176975, NULL),
(45, 2011, 2, 2, 16, 3.57, 3.64, 6.26, 0, 0, 0, 0, 0, 2605, 2, 3.7, 3.8, 3.52, 0, 0, 0, 0, 0, 0, 18176975, NULL),
(46, 2011, 2, 3, 15, 3.51, 3.82, 6.86, 0, 0, 0, 0, 0, 0, 4, 4.3, 4.4, 4.72, 0, 0, 0, 0, 0, 0, 18176975, NULL),
(47, 2011, 2, 4, 0, 0, 0, 0, 0, 0, 0, 0, 0, 0, 0, 0, 0, 0, 0, 0, 0, 0, 0, 0, 18176975, NULL),
(48, 2012, 1, 0, 0, 0, 0, 0, 0, 0, 0, 0, 0, 2570, 0, 0, 0, 0, 0, 0, 0, 0, 0, 0, 18176975, NULL),
(49, 2012, 2, 0, 12.9, 3.27, 4.73, 7.82, 1.44, 25, 25.4, 77, 14, 2790, 7.6, 5.9, 6.76, 5.64, 8, 10, 4, 10, 8, 0, 18176975, NULL),
(50, 2012, 2, 1, 13.6, 3.33, 4.35, 7.34, 0, 0, 0, 0, 0, 2810, 6.2, 5.3, 5.5, 4.68, 0, 0, 0, 0, 0, 0, 18176975, 'SUPERA          C'),
(51, 2012, 2, 2, 13, 3.27, 4.6, 8.87, 0, 0, 0, 0, 0, 0, 7.4, 5.9, 6.33, 7.37, 0, 0, 0, 0, 0, 0, 18176975, 'SALE DE NIVELACION'),
(52, 2013, 1, 0, 13.8, 3.26, 4.65, 7.38, 1.39, 21, 21, 68, 19, 2710, 5.8, 6, 6.5, 4.76, 8.5, 10, 6.2, 10, 10, 0, 18176975, NULL),
(53, 2013, 1, 1, 0, 0, 0, 0, 0, 0, 0, 0, 0, 0, 0, 0, 0, 0, 0, 0, 0, 0, 0, 0, 18176975, NULL),
(54, 2013, 1, 2, 0, 0, 0, 0, 0, 0, 0, 0, 0, 0, 0, 0, 0, 0, 0, 0, 0, 0, 0, 0, 18176975, NULL),
(55, 2013, 1, 3, 0, 0, 0, 0, 0, 0, 0, 0, 0, 0, 0, 0, 0, 0, 0, 0, 0, 0, 0, 0, 18176975, NULL),
(56, 2013, 2, 0, 0, 0, 0, 0, 0, 0, 0, 0, 0, 0, 0, 0, 0, 0, 0, 0, 0, 0, 0, 0, 18176975, 'NO RINDE F.C.F NR.COOPER'),
(57, 2013, 2, 1, 0, 0, 0, 0, 1.36, 21, 23, 58, 15, 0, 0, 0, 0, 0, 8.6, 9, 4.8, 7.6, 8, 0, 18176975, 'SUPERA    G N'),
(58, 2013, 2, 2, 13.6, 0, 4.26, 7.05, 0, 0, 0, 0, 0, 0, 5.8, 0, 4.86, 3.1, 0, 0, 0, 0, 0, 0, 18176975, NULL),
(59, 2014, 1, 0, 13.2, 3.34, 4.48, 6.98, 1.43, 20, 20.2, 71, 22, 0, 6.6, 4.8, 5.6, 2.96, 7.9, 8.5, 6.2, 10, 10, 0, 18176975, NULL),
(60, 2014, 1, 1, 13.4, 3.32, 4.45, 7.56, 0, 0, 0, 0, 0, 0, 6.2, 5, 5.5, 4.12, 0, 0, 0, 0, 0, 0, 18176975, NULL),
(61, 2014, 1, 2, 13.7, 3.2, 4.25, 7.61, 0, 0, 0, 0, 0, 0, 5.6, 6.2, 4.83, 4.22, 0, 0, 0, 0, 0, 0, 18176975, NULL),
(62, 2014, 1, 3, 13.5, 3.28, 4.4, 8, 0, 0, 0, 0, 0, 0, 6, 5.4, 5.33, 5, 0, 0, 0, 0, 0, 0, 18176975, NULL),
(63, 2014, 2, 0, 0, 0, 0, 0, 0, 0, 0, 0, 0, 0, 0, 0, 0, 0, 0, 0, 0, 0, 0, 0, 18176975, 'NO RINDE F.C.F NR.COOPER'),
(64, 2014, 2, 1, 0, 0, 0, 0, 0, 0, 0, 0, 0, 0, 0, 0, 0, 0, 0, 0, 0, 0, 0, 0, 18176975, NULL),
(65, 2014, 2, 2, 14, 3.39, 4.65, 7.74, 1.37, 19, 21.3, 57, 23, 0, 4.6, 4, 5.83, 3.48, 8.3, 6, 5.25, 7, 10, 0, 18176975, 'SUPERA    G N'),
(66, 2014, 2, 3, 14.1, 3.4, 4.42, 7.78, 0, 0, 0, 0, 0, 2880, 4.4, 3.9, 5.06, 3.56, 0, 0, 0, 0, 0, 0, 18176975, 'SUPERA          C'),
(67, 2015, 1, 0, 13.8, 3.26, 4.4, 6.83, 1.4, 25, 17.8, 69, 25, 2582, 5, 5.3, 5, 1.66, 8, 10, 7, 9.4, 10, 0, 18176975, NULL),
(68, 2015, 1, 1, 14.2, 3.39, 4.4, 8.71, 0, 0, 0, 0, 0, 2835, 4.2, 4, 5, 5.42, 0, 0, 0, 0, 0, 0, 18176975, 'SUPERA          C'),
(69, 2015, 1, 2, 14, 3.31, 4.38, 7.9, 0, 0, 0, 0, 0, 0, 4.6, 4.8, 4.93, 3.8, 0, 0, 0, 0, 0, 0, 18176975, NULL),
(70, 2015, 1, 3, 13.3, 3.41, 4.54, 7.91, 0, 0, 0, 0, 0, 0, 6, 3.8, 5.46, 3.82, 0, 0, 0, 0, 0, 0, 18176975, NULL),
(71, 2015, 2, 0, 12.9, 3.29, 4.65, 8.02, 1.54, 25, 17.3, 66, 20, 0, 6.8, 5, 5.83, 4.04, 6.6, 10, 7.25, 8.8, 10, 0, 18176975, NULL),
(72, 2015, 2, 1, 13.4, 3.34, 4.43, 7.37, 0, 0, 0, 0, 0, 0, 5.8, 4.5, 5.1, 2.74, 0, 0, 0, 0, 0, 0, 18176975, NULL),
(73, 2015, 2, 2, 13.2, 3.33, 4.55, 8.38, 0, 0, 0, 0, 0, 0, 6.2, 4.6, 5.5, 4.76, 0, 0, 0, 0, 0, 0, 18176975, NULL),
(74, 2010, 1, 0, 0, 0, 0, 0, 1.21, 25, 44.4, 64, 8, 2120, 0, 0, 0, 0, 10, 10, 5.8, 10, 6.5, 0, 18312151, 'F.I. A'),
(75, 2010, 1, 1, 16.4, 4.25, 4.04, 6.17, 0, 0, 0, 0, 0, 2475, 5, 3, 7.76, 4.54, 0, 0, 0, 0, 0, 0, 18312151, 'SUPERA          C'),
(76, 2010, 1, 2, 0, 0, 0, 0, 0, 0, 0, 0, 0, 0, 0, 0, 0, 0, 0, 0, 0, 0, 0, 0, 18312151, NULL),
(77, 2010, 1, 3, 0, 0, 0, 0, 0, 0, 0, 0, 0, 0, 0, 0, 0, 0, 0, 0, 0, 0, 0, 0, 18312151, NULL),
(78, 2010, 2, 0, 15.9, 4.45, 4.1, 5.48, 1.21, 25, 34.9, 65, 10, 0, 5.2, 0.6, 7.66, 2.56, 10, 10, 9.55, 10, 7, 0, 18312151, '               NR.COOPER'),
(79, 2010, 2, 1, 16.8, 4.59, 3.78, 5.92, 0, 0, 0, 0, 0, 0, 3.4, 0, 6.6, 3.44, 0, 0, 0, 0, 0, 0, 18312151, NULL),
(80, 2010, 2, 2, 0, 0, 0, 0, 0, 0, 0, 0, 0, 0, 0, 0, 0, 0, 0, 0, 0, 0, 0, 0, 18312151, NULL),
(81, 2010, 2, 3, 0, 0, 0, 0, 0, 0, 0, 0, 0, 2400, 0, 0, 0, 0, 0, 0, 0, 0, 0, 0, 18312151, 'SUPERA          C'),
(82, 2012, 2, 0, 0, 0, 0, 0, 0, 0, 0, 0, 0, 0, 0, 0, 0, 0, 0, 0, 0, 0, 0, 0, 18312151, NULL),
(83, 2012, 2, 1, 12.3, 3.17, 4.72, 7.33, 2.14, 13, 21, 74, 22, 0, 9.4, 7.7, 7.4, 5.66, 5.4, 6, 7, 10, 10, 0, 18312151, 'SUPERA  A G'),
(84, 2012, 2, 2, 0, 0, 0, 0, 2.01, 15, 0, 0, 0, 0, 0, 0, 0, 0, 6.7, 8, 0, 0, 0, 0, 18312151, 'SALE DE NIVELACION'),
(85, 2013, 2, 0, 12.3, 3.2, 4.8, 9.39, 2.25, 17.5, 19.7, 75, 18, 0, 8.8, 6.6, 7, 7.89, 3.9, 8.25, 6.85, 10, 10, 0, 18312151, NULL),
(86, 2013, 2, 1, 0, 0, 0, 0, 2.17, 17, 0, 0, 0, 0, 0, 0, 0, 0, 4.7, 8, 0, 0, 0, 0, 18312151, NULL),
(87, 2013, 2, 2, 0, 0, 0, 0, 1.59, 18, 0, 0, 0, 0, 0, 0, 0, 0, 6.5, 8.5, 0, 0, 0, 0, 18312151, 'SALE DE NIVELACION'),
(88, 2014, 2, 0, 12.7, 3.21, 4.6, 10.1, 2.06, 20, 18.5, 76, 20, 0, 7.6, 6.1, 6, 8.1, 5.6, 8.5, 7.05, 10, 10, 0, 18312151, NULL),
(89, 2014, 2, 1, 0, 0, 0, 0, 2.03, 19, 0, 0, 0, 0, 0, 0, 0, 0, 5.9, 8, 0, 0, 0, 0, 18312151, NULL),
(90, 2014, 2, 2, 0, 0, 0, 0, 1.56, 20, 0, 0, 0, 0, 0, 0, 0, 0, 6.6, 8.5, 0, 0, 0, 0, 18312151, 'SALE DE NIVELACION'),
(91, 2015, 1, 0, 11.9, 3.22, 4.95, 9.76, 2.05, 22, 15.6, 70, 24, 0, 9.2, 6, 7.16, 7.76, 5.7, 9.5, 8.5, 10, 10, 0, 18312151, NULL),
(92, 2015, 1, 1, 0, 0, 0, 0, 1.47, 20, 0, 0, 0, 0, 0, 0, 0, 0, 7.5, 8.5, 0, 0, 0, 0, 18312151, 'SALE DE NIVELACION');

-- --------------------------------------------------------

--
-- Estructura de tabla para la tabla `notas_finales`
--

DROP TABLE IF EXISTS `notas_finales`;
CREATE TABLE IF NOT EXISTS `notas_finales` (
  `idnotas_finales` int(11) NOT NULL,
  `nota_presentacion` float NOT NULL,
  `nota_examen` float DEFAULT NULL,
  `nota_final` float NOT NULL,
  `nota_examen_repeticion` float DEFAULT NULL,
  `nota_final_repeticion` float DEFAULT NULL,
  `estado` enum('A','E','R') NOT NULL,
  `asignatura_idasignatura` int(11) NOT NULL,
  `cadete_rut` int(10) unsigned NOT NULL
) ENGINE=InnoDB DEFAULT CHARSET=latin1;

--
-- Volcado de datos para la tabla `notas_finales`
--

INSERT INTO `notas_finales` (`idnotas_finales`, `nota_presentacion`, `nota_examen`, `nota_final`, `nota_examen_repeticion`, `nota_final_repeticion`, `estado`, `asignatura_idasignatura`, `cadete_rut`) VALUES
(1, 7.24, 7.9, 7.5, 0, 0, 'A', 80, 17559990),
(2, 5.7, 7.7, 6.5, 0, 0, 'A', 92, 17559990),
(3, 5.34, 8.2, 6.48, 0, 0, 'A', 176, 17559990),
(4, 5.98, 6.4, 6.14, 0, 0, 'A', 204, 17559990),
(5, 5.7, 2.8, 4.54, 5.5, 4.54, 'R', 223, 17559990),
(6, 6.38, 6.5, 6.42, 0, 0, 'A', 232, 17559990),
(7, 7.25, 7.9, 7.51, 0, 0, 'A', 256, 17559990),
(8, 6.5, 6.4, 6.46, 0, 0, 'A', 266, 17559990),
(9, 4.76, 7.4, 5.81, 5.6, 5.81, 'R', 363, 17559990),
(10, 6.3, 6.3, 6.3, 0, 0, 'A', 392, 17559990),
(11, 8.12, 0, 8.12, 0, 0, 'E', 405, 17559990),
(12, 8.25, 0, 8.25, 0, 0, 'E', 408, 17559990),
(13, 6, 4.3, 5.32, 6.3, 6, 'A', 462, 17559990),
(14, 7.73, 7.3, 7.55, 0, 0, 'A', 491, 17559990),
(15, 6.53, 6.6, 6.55, 0, 0, 'A', 518, 17559990),
(16, 7.55, 7.8, 7.65, 0, 0, 'A', 523, 17559990),
(17, 7.73, 8.6, 8.07, 0, 0, 'A', 530, 17559990),
(18, 7.24, 7.4, 7.3, 0, 0, 'A', 544, 17559990),
(19, 6.53, 6.5, 6.51, 0, 0, 'A', 554, 17559990),
(20, 8.7, 0, 8.7, 0, 0, 'E', 565, 17559990),
(21, 7.5, 7, 7.3, 0, 0, 'A', 633, 17559990),
(22, 7.83, 7.3, 7.61, 0, 0, 'A', 643, 17559990),
(23, 7.57, 7.3, 7.46, 0, 0, 'A', 660, 17559990),
(24, 8.23, 0, 8.23, 0, 0, 'E', 690, 17559990),
(25, 8.7, 8.7, 7.9, 0, 0, 'E', 718, 17559990),
(26, 8.51, 8.51, 7.77, 0, 0, 'E', 752, 17559990),
(27, 7.37, 7.7, 7.5, 0, 0, 'A', 861, 17559990),
(28, 6.97, 7.4, 7.14, 0, 0, 'A', 889, 17559990),
(29, 6.4, 5.6, 6.08, 0, 0, 'A', 952, 17559990),
(30, 6.46, 9.2, 7.55, 0, 0, 'A', 982, 17559990),
(31, 7.27, 7, 7.16, 0, 0, 'A', 1040, 17559990),
(32, 6.22, 7.4, 6.69, 0, 0, 'A', 1055, 17559990),
(33, 7.4, 8.2, 7.72, 0, 0, 'A', 1068, 17559990),
(34, 6.76, 6.8, 6.77, 0, 0, 'A', 1197, 17559990),
(35, 7.32, 7.9, 7.55, 0, 0, 'A', 1209, 17559990),
(36, 5.95, 7.9, 6.73, 0, 0, 'A', 1225, 17559990),
(37, 7.92, 7.1, 7.59, 0, 0, 'A', 1259, 17559990),
(38, 9.02, 0, 9.02, 0, 0, 'E', 1269, 17559990),
(39, 6.9, 9.5, 7.94, 0, 0, 'A', 67, 17992236),
(40, 7.03, 5, 6.21, 0, 0, 'A', 81, 17992236),
(41, 7.16, 7.7, 7.37, 0, 0, 'A', 91, 17992236),
(42, 6.95, 6.4, 6.73, 0, 0, 'A', 102, 17992236),
(43, 8, 0, 8, 0, 0, 'E', 172, 17992236),
(44, 7.18, 6.9, 7.06, 0, 0, 'A', 199, 17992236),
(45, 7.2, 6.6, 6.96, 0, 0, 'A', 222, 17992236),
(46, 4.65, 6, 5.19, 5.6, 5.19, 'R', 230, 17992236),
(47, 7.48, 5.8, 6.8, 0, 0, 'A', 233, 17992236),
(48, 7.22, 7.1, 7.17, 0, 0, 'A', 255, 17992236),
(49, 7.72, 8.1, 7.87, 0, 0, 'A', 265, 17992236),
(50, 8.83, 0, 8.83, 0, 0, 'E', 339, 17992236),
(51, 6.12, 7.3, 6.59, 0, 0, 'A', 356, 17992236),
(52, 5.16, 6.2, 5.57, 5, 6, 'A', 362, 17992236),
(53, 6.24, 4.5, 5.54, 8.4, 6, 'A', 369, 17992236),
(54, 6.2, 5.8, 6.04, 0, 0, 'A', 391, 17992236),
(55, 8.3, 0, 8.3, 0, 0, 'E', 406, 17992236),
(56, 8.3, 0, 8.3, 0, 0, 'E', 407, 17992236),
(57, 8.03, 8.03, 8.03, 0, 0, 'A', 460, 17992236),
(58, 6.57, 5.2, 6.02, 0, 0, 'A', 492, 17992236),
(59, 7.4, 9, 8.04, 0, 0, 'A', 516, 17992236),
(60, 8.36, 0, 8.36, 0, 0, 'E', 524, 17992236),
(61, 8, 0, 8, 0, 0, 'E', 531, 17992236),
(62, 8, 0, 8, 0, 0, 'E', 545, 17992236),
(63, 6.35, 8, 7.01, 0, 0, 'A', 555, 17992236),
(64, 6.92, 7.3, 7.07, 0, 0, 'A', 564, 17992236),
(65, 7.72, 7, 7.43, 0, 0, 'A', 596, 17992236),
(66, 7.06, 7.8, 7.35, 0, 0, 'A', 631, 17992236),
(67, 7.46, 5.8, 6.79, 0, 0, 'A', 642, 17992236),
(68, 6.78, 8.1, 7.3, 0, 0, 'A', 691, 17992236),
(69, 7.75, 7, 6.97, 0, 0, 'A', 713, 17992236),
(70, 7.55, 7.5, 6.79, 0, 0, 'A', 748, 17992236),
(71, 8.03, 8.03, 7.36, 0, 0, 'E', 781, 17992236),
(72, 7.12, 6.3, 6.79, 0, 0, 'A', 857, 17992236),
(73, 7.72, 8.3, 7.95, 0, 0, 'A', 885, 17992236),
(74, 9.1, 0, 9.1, 0, 0, 'E', 909, 17992236),
(75, 4.67, 5.2, 4.88, 5.5, 4.88, 'R', 945, 17992236),
(76, 8.53, 0, 8.53, 0, 0, 'E', 950, 17992236),
(77, 7.66, 8.6, 8.03, 0, 0, 'A', 961, 17992236),
(78, 8, 0, 8, 0, 0, 'E', 979, 17992236),
(79, 7.57, 8.3, 7.86, 0, 0, 'A', 1004, 17992236),
(80, 7.9, 8.9, 8.3, 0, 0, 'A', 1016, 17992236),
(81, 8.85, 0, 8.85, 0, 0, 'E', 1038, 17992236),
(82, 8.6, 0, 8.6, 0, 0, 'E', 1052, 17992236),
(83, 8.66, 0, 8.66, 0, 0, 'E', 1067, 17992236),
(84, 9.32, 0, 9.32, 0, 0, 'E', 1090, 17992236),
(85, 8.32, 0, 8.32, 0, 0, 'E', 1125, 17992236),
(86, 6.03, 7.6, 6.65, 0, 0, 'A', 1160, 17992236),
(87, 8.06, 0, 8.06, 0, 0, 'E', 1196, 17992236),
(88, 6.02, 6.1, 6.05, 0, 0, 'A', 1210, 17992236),
(89, 8, 0, 8, 0, 0, 'E', 1222, 17992236),
(90, 6.36, 5.9, 6.17, 0, 0, 'A', 1258, 17992236),
(91, 8.12, 0, 8.12, 0, 0, 'E', 1267, 17992236),
(92, 6.93, 9.5, 7.95, 0, 0, 'A', 67, 18176975),
(93, 6.2, 7.8, 6.84, 0, 0, 'A', 91, 18176975),
(94, 7.07, 5.4, 6.4, 0, 0, 'A', 102, 18176975),
(95, 5.75, 7.3, 6.37, 0, 0, 'A', 172, 18176975),
(96, 5.78, 6.6, 6.1, 0, 0, 'A', 199, 18176975),
(97, 4.33, 6.7, 5.27, 6.7, 6, 'A', 222, 18176975),
(98, 6.12, 5.1, 5.71, 4.8, 5.71, 'R', 230, 18176975),
(99, 8.1, 0, 8.1, 0, 0, 'E', 255, 18176975),
(100, 7.75, 5.9, 7.01, 0, 0, 'A', 265, 18176975),
(101, 8.1, 0, 8.1, 0, 0, 'E', 339, 18176975),
(102, 7, 8.1, 7.44, 0, 0, 'A', 356, 18176975),
(103, 6.4, 5.4, 6, 0, 0, 'A', 362, 18176975),
(104, 6.44, 8.1, 7.1, 0, 0, 'A', 369, 18176975),
(105, 7.43, 7.5, 7.45, 0, 0, 'A', 391, 18176975),
(106, 8.03, 0, 8.03, 0, 0, 'E', 407, 18176975),
(107, 6.65, 8, 7.19, 0, 0, 'A', 460, 18176975),
(108, 7.23, 7.6, 7.37, 0, 0, 'A', 516, 18176975),
(109, 6.42, 5.6, 6.09, 0, 0, 'A', 564, 18176975),
(110, 7.7, 6, 7.02, 0, 0, 'A', 631, 18176975),
(111, 7.26, 7.9, 7.51, 0, 0, 'A', 642, 18176975),
(112, 7.06, 6.8, 5.57, 6, 6, 'A', 713, 18176975),
(113, 7.5, 5.5, 6.28, 0, 0, 'A', 748, 18176975),
(114, 7.68, 8.5, 7.44, 0, 0, 'A', 781, 18176975),
(115, 7.47, 6.8, 7.2, 0, 0, 'A', 857, 18176975),
(116, 7.32, 8.3, 7.71, 0, 0, 'A', 885, 18176975),
(117, 8.8, 0, 8.8, 0, 0, 'E', 909, 18176975),
(118, 8.62, 7.5, 8.17, 0, 0, 'A', 945, 18176975),
(119, 7.03, 5, 6.21, 0, 0, 'A', 950, 18176975),
(120, 7, 7.1, 7.04, 0, 0, 'A', 961, 18176975),
(121, 7.23, 8.2, 7.61, 0, 0, 'A', 979, 18176975),
(122, 7.27, 8.5, 7.76, 0, 0, 'A', 1004, 18176975),
(123, 8.03, 0, 8.03, 0, 0, 'E', 1038, 18176975),
(124, 7.44, 9.1, 8.1, 0, 0, 'A', 1052, 18176975),
(125, 8.92, 0, 8.92, 0, 0, 'E', 1067, 18176975),
(126, 6.76, 8.5, 7.45, 0, 0, 'A', 1090, 18176975),
(127, 6.58, 6.3, 6.46, 0, 0, 'A', 1125, 18176975),
(128, 8.6, 0, 8.6, 0, 0, 'E', 1160, 18176975),
(129, 7.03, 7.6, 7.25, 0, 0, 'A', 1196, 18176975),
(130, 7.6, 6.7, 7.24, 0, 0, 'A', 1222, 18176975),
(131, 6.9, 6.3, 6.66, 0, 0, 'A', 1258, 18176975),
(132, 7.55, 7.5, 7.53, 0, 0, 'A', 1267, 18176975),
(133, 8.22, 0, 8.22, 0, 0, 'E', 18, 18203039),
(134, 6.34, 7.3, 6.72, 0, 0, 'A', 83, 18203039),
(135, 8.25, 0, 8.25, 0, 0, 'E', 127, 18203039),
(136, 8.2, 0, 8.2, 0, 0, 'E', 145, 18203039),
(137, 6.93, 8, 7.35, 0, 0, 'A', 159, 18203039),
(138, 5.85, 6.4, 6.07, 0, 0, 'A', 205, 18203039),
(139, 8.01, 0, 8.01, 0, 0, 'E', 235, 18203039),
(140, 9.54, 0, 9.54, 0, 0, 'E', 243, 18203039),
(141, 6.8, 8.2, 7.36, 0, 0, 'A', 281, 18203039),
(142, 7.65, 6.9, 7.35, 0, 0, 'A', 376, 18203039),
(143, 8.1, 0, 8.1, 0, 0, 'E', 415, 18203039),
(144, 8.26, 0, 8.26, 0, 0, 'E', 438, 18203039),
(145, 6.62, 7.5, 6.97, 0, 0, 'A', 494, 18203039),
(146, 6.3, 8.4, 7.14, 0, 0, 'A', 502, 18203039),
(147, 8.93, 0, 8.93, 0, 0, 'E', 526, 18203039),
(148, 8.1, 0, 8.1, 0, 0, 'E', 533, 18203039),
(149, 7.73, 8, 7.83, 0, 0, 'A', 540, 18203039),
(150, 8.75, 0, 8.75, 0, 0, 'E', 547, 18203039),
(151, 7.63, 6.6, 7.21, 0, 0, 'A', 557, 18203039),
(152, 8.47, 0, 8.47, 0, 0, 'E', 581, 18203039),
(153, 8.75, 0, 8.75, 0, 0, 'E', 598, 18203039),
(154, 7.7, 7.3, 7.54, 0, 0, 'A', 655, 18203039),
(155, 8.02, 0, 8.02, 0, 0, 'E', 678, 18203039),
(156, 8.55, 0, 8.53, 0, 0, 'A', 694, 18203039),
(157, 8.84, 8.84, 8.67, 0, 0, 'E', 719, 18203039),
(158, 8.78, 8.78, 8.85, 0, 0, 'E', 753, 18203039),
(159, 8.1, 0, 8.1, 0, 0, 'E', 805, 18203039),
(160, 8.22, 0, 8.22, 0, 0, 'E', 839, 18203039),
(161, 7.7, 8.8, 8.14, 0, 0, 'A', 862, 18203039),
(162, 8.05, 0, 8.05, 0, 0, 'E', 890, 18203039),
(163, 9.03, 0, 9.03, 0, 0, 'E', 1022, 18203039),
(164, 8.66, 0, 8.66, 0, 0, 'E', 1027, 18203039),
(165, 8.36, 0, 8.36, 0, 0, 'E', 1181, 18203039),
(166, 7.6, 6.4, 7.12, 0, 0, 'A', 1212, 18203039),
(167, 6.45, 8.3, 7.19, 0, 0, 'A', 1237, 18203039),
(168, 8, 0, 8, 0, 0, 'E', 1298, 18203039),
(169, 7.36, 9.6, 8.25, 0, 0, 'A', 1306, 18203039),
(170, 7.13, 6.6, 6.91, 0, 0, 'A', 1313, 18203039),
(171, 8.37, 0, 8.37, 0, 0, 'E', 30, 18312151),
(172, 5.53, 5.4, 5.47, 6.9, 6, 'A', 83, 18312151),
(173, 6.38, 7.4, 6.78, 0, 0, 'A', 178, 18312151),
(174, 7.25, 7, 7.15, 0, 0, 'A', 207, 18312151),
(175, 7.57, 6.3, 7.06, 0, 0, 'A', 235, 18312151),
(176, 7.42, 7.8, 7.57, 0, 0, 'A', 251, 18312151),
(177, 6.7, 9, 7.62, 0, 0, 'A', 276, 18312151),
(178, 5.65, 8.3, 6.71, 0, 0, 'A', 377, 18312151),
(179, 7.18, 7.9, 7.46, 0, 0, 'A', 399, 18312151),
(180, 7.62, 7.8, 7.69, 0, 0, 'A', 403, 18312151),
(181, 7.56, 8.3, 7.85, 0, 0, 'A', 417, 18312151),
(182, 6.4, 5.4, 6, 0, 0, 'A', 432, 18312151),
(183, 8.36, 0, 8.36, 0, 0, 'E', 438, 18312151),
(184, 6.05, 6.5, 6.23, 0, 0, 'A', 494, 18312151),
(185, 8.76, 0, 8.76, 0, 0, 'E', 526, 18312151),
(186, 8.7, 0, 8.7, 0, 0, 'E', 533, 18312151),
(187, 7.22, 6, 6.73, 0, 0, 'A', 547, 18312151),
(188, 7.41, 6, 6.84, 0, 0, 'A', 557, 18312151),
(189, 8.1, 0, 8.1, 0, 0, 'E', 583, 18312151),
(190, 7, 6.6, 6.84, 0, 0, 'A', 598, 18312151),
(191, 6.4, 5.7, 6.12, 0, 0, 'A', 623, 18312151),
(192, 7.06, 6.5, 6.83, 0, 0, 'A', 666, 18312151),
(193, 7.8, 7.5, 7.2, 0, 0, 'A', 694, 18312151),
(194, 7.4, 7, 6.87, 0, 0, 'A', 721, 18312151),
(195, 8.21, 8.21, 7.13, 0, 0, 'E', 755, 18312151),
(196, 7.76, 7.9, 7.81, 0, 0, 'A', 824, 18312151),
(197, 7.07, 8.7, 7.72, 0, 0, 'A', 864, 18312151),
(198, 7.75, 9.7, 8.53, 0, 0, 'A', 892, 18312151),
(199, 8.73, 0, 8.73, 0, 0, 'E', 983, 18312151),
(200, 8, 0, 8, 0, 0, 'E', 1022, 18312151),
(201, 7.16, 8.4, 7.65, 0, 0, 'A', 1027, 18312151),
(202, 7.68, 6.7, 7.28, 0, 0, 'A', 1056, 18312151),
(203, 7.06, 6.7, 6.91, 0, 0, 'A', 1096, 18312151),
(204, 6.92, 8.1, 7.39, 0, 0, 'A', 1102, 18312151),
(205, 6.9, 7.8, 7.26, 0, 0, 'A', 1153, 18312151),
(206, 7, 8.2, 7.48, 0, 0, 'A', 1183, 18312151),
(207, 6.2, 7.9, 6.88, 0, 0, 'A', 1212, 18312151),
(208, 6.35, 7.2, 6.69, 0, 0, 'A', 1226, 18312151),
(209, 7.06, 9, 7.83, 0, 0, 'A', 1246, 18312151),
(210, 7.4, 7.3, 7.36, 0, 0, 'A', 1270, 18312151),
(211, 4.64, 6.2, 5.26, 3.2, 5.26, 'R', 169, 17992236),
(212, 5.92, 4.9, 5.51, 6, 6, 'A', 195, 17992236),
(213, 6.66, 7.3, 6.91, 0, 0, 'A', 452, 17992236),
(214, 5.25, 3.9, 4.71, 4.8, 4.71, 'R', 459, 17992236),
(215, 6.2, 6.5, 6.32, 0, 0, 'A', 515, 17992236),
(216, 6.32, 6.9, 6.55, 0, 0, 'A', 563, 17992236),
(217, 6.46, 6.8, 6.59, 0, 0, 'A', 630, 17992236),
(218, 7.8, 8, 7.88, 0, 0, 'A', 709, 17992236),
(219, 5.76, 6.4, 6.01, 0, 0, 'A', 949, 17992236),
(220, 8.1, 0, 8.1, 0, 0, 'E', 977, 17992236),
(221, 6.12, 7.7, 6.75, 0, 0, 'A', 1036, 17992236),
(222, 7.26, 9, 7.95, 0, 0, 'A', 1050, 17992236),
(223, 7.3, 5.4, 6.54, 0, 0, 'A', 1175, 17992236),
(224, 5.87, 4.8, 5.44, 7.4, 6, 'A', 1220, 17992236);

-- --------------------------------------------------------

--
-- Estructura de tabla para la tabla `notas_fisico`
--

DROP TABLE IF EXISTS `notas_fisico`;
CREATE TABLE IF NOT EXISTS `notas_fisico` (
  `idnotas_fisico` int(11) NOT NULL,
  `ano` int(11) NOT NULL,
  `semestre` tinyint(4) NOT NULL,
  `marca_100_mt` float DEFAULT NULL,
  `marca_1000_mt` float DEFAULT NULL,
  `marca_salto_largo` float DEFAULT NULL,
  `marca_bala` float DEFAULT NULL,
  `marca_100_libre` float DEFAULT NULL,
  `marca_bajo_agua` float DEFAULT NULL,
  `marca_trepa` float DEFAULT NULL,
  `marca_abdominales` float DEFAULT NULL,
  `marca_extension_brazos` float DEFAULT NULL,
  `nota_100_mt` float DEFAULT NULL,
  `nota_1000_mt` float DEFAULT NULL,
  `nota_salto_largo` float DEFAULT NULL,
  `nota_bala` float DEFAULT NULL,
  `nota_100_libre` float DEFAULT NULL,
  `nota_bajo_agua` float DEFAULT NULL,
  `nota_trepa` float DEFAULT NULL,
  `nota_abdominales` float DEFAULT NULL,
  `nota_extension_brazos` float DEFAULT NULL,
  `nota_final` float DEFAULT NULL,
  `cadete_rut` int(10) unsigned NOT NULL
) ENGINE=InnoDB DEFAULT CHARSET=latin1;

--
-- Volcado de datos para la tabla `notas_fisico`
--

INSERT INTO `notas_fisico` (`idnotas_fisico`, `ano`, `semestre`, `marca_100_mt`, `marca_1000_mt`, `marca_salto_largo`, `marca_bala`, `marca_100_libre`, `marca_bajo_agua`, `marca_trepa`, `marca_abdominales`, `marca_extension_brazos`, `nota_100_mt`, `nota_1000_mt`, `nota_salto_largo`, `nota_bala`, `nota_100_libre`, `nota_bajo_agua`, `nota_trepa`, `nota_abdominales`, `nota_extension_brazos`, `nota_final`, `cadete_rut`) VALUES
(1, 2013, 1, 13.5, 3.25, 4.49, 9.3, 1.42, 25, 35.5, 44, 9, 6.4, 6.1, 5.96, 7.8, 8.2, 10, 0, 5.2, 5.5, 6.128, 17559990),
(2, 2013, 2, 0, 0, 0, 0, 1.47, 25, 0, 0, 0, 0, 0, 0, 0, 7.7, 10, 0, 0, 0, 1.966, 17559990),
(3, 2014, 1, 13.6, 3.16, 4.6, 11.2, 1.38, 25, 25.8, 62, 14, 5.8, 6.6, 6, 9.2, 8.4, 10, 3.4, 8.4, 7.5, 7.255, 17559990),
(4, 2014, 2, 13.5, 3.26, 4.48, 9.92, 0, 0, 21.4, 63, 15, 6, 5.6, 5.6, 7.92, 0, 0, 5.6, 8.6, 8, 5.257, 17559990),
(5, 2015, 1, 13.4, 3.22, 4.47, 9.72, 1.45, 25, 23.1, 66, 12, 6.2, 6, 5.56, 7.72, 7.7, 10, 4.75, 9.2, 6.5, 7.07, 17559990),
(6, 2010, 1, 12.9, 3.13, 4.61, 9.16, 2.26, 13, 21, 61, 10, 8.2, 8.1, 7.03, 8.16, 4.2, 6, 7, 9.4, 6.5, 7.176, 17992236),
(7, 2010, 2, 12.4, 3.19, 4.97, 9.86, 1.55, 16, 22.1, 64, 10, 9.2, 7.5, 8.23, 8.86, 7.3, 8.5, 6.45, 10, 6.5, 8.06, 17992236),
(8, 2011, 1, 12.4, 3.2, 4.83, 9.9, 2, 17, 21.3, 63, 14, 8.6, 6.6, 7.1, 8.4, 6.4, 8, 6.05, 9, 8, 7.572, 17992236),
(9, 2011, 2, 12.3, 3.25, 4.66, 9.91, 1.58, 17.5, 22, 61, 16, 8.8, 6.1, 6.53, 8.41, 6.6, 8.25, 5.7, 8.6, 9, 7.554, 17992236),
(10, 2012, 1, 12.6, 3.15, 4.95, 8.86, 1.54, 18, 20.4, 64, 14, 8.2, 7.1, 7.5, 7.36, 7, 8.5, 6.5, 9.2, 8, 7.706, 17992236),
(11, 2012, 2, 12.2, 3.14, 5.32, 10.08, 1.52, 18, 19.9, 63, 18, 9, 7.2, 8.73, 8.58, 7.2, 8.5, 6.75, 9, 10, 8.328, 17992236),
(12, 2013, 1, 12.7, 3.13, 4.95, 9.86, 1.54, 22, 16.6, 64, 16, 7.6, 6.9, 7.16, 7.86, 6.8, 9.5, 8, 8.8, 8.5, 7.902, 17992236),
(13, 2013, 2, 12.8, 3.29, 5.07, 10.64, 1.55, 25, 19.7, 65, 13, 7.4, 5.3, 7.56, 8.64, 6.7, 10, 6.45, 9, 7, 7.561, 17992236),
(14, 2014, 1, 12.3, 3.09, 5.02, 10.85, 1.55, 25, 17.9, 68, 18, 8, 7, 7.06, 8.35, 6.5, 10, 6.95, 9.2, 9, 8.006, 17992236),
(15, 2014, 2, 0, 0, 0, 0, 0, 0, 0, 0, 0, 0, 0, 0, 0, 0, 0, 0, 0, 0, 0, 17992236),
(16, 2015, 1, 12.3, 3.18, 5.38, 9.8, 1.49, 25, 18.8, 60, 13, 8, 6.1, 8.26, 7.3, 7.1, 10, 6.5, 7.6, 6.5, 7.484, 17992236),
(17, 2011, 1, 14.6, 3.44, 3.93, 6.6, 1.46, 19, 22.8, 60, 17, 4.8, 5, 4.76, 4.2, 8.2, 10, 6.1, 9.2, 10, 6.917, 18176975),
(18, 2011, 2, 15.1, 3.53, 4.04, 7.04, 1.43, 19, 21.4, 72, 14, 3.8, 4.1, 5.13, 5.08, 8.5, 10, 6.8, 10, 8.5, 6.878, 18176975),
(19, 2012, 1, 12.9, 3.27, 4.73, 7.82, 1.44, 25, 25.4, 77, 14, 7.6, 5.9, 6.76, 5.64, 8, 10, 4, 10, 8, 7.322, 18176975),
(20, 2012, 2, 13.8, 3.26, 4.65, 7.38, 1.39, 21, 21, 68, 19, 5.8, 6, 6.5, 4.76, 8.5, 10, 6.2, 10, 10, 7.528, 18176975),
(21, 2013, 1, 0, 0, 0, 0, 0, 0, 0, 0, 0, 0, 0, 0, 0, 0, 0, 0, 0, 0, 0, 18176975),
(22, 2013, 2, 13.2, 3.34, 4.48, 6.98, 1.43, 20, 20.2, 71, 22, 6.6, 4.8, 5.6, 2.96, 7.9, 8.5, 6.2, 10, 10, 6.951, 18176975),
(23, 2014, 1, 0, 0, 0, 0, 0, 0, 0, 0, 0, 0, 0, 0, 0, 0, 0, 0, 0, 0, 0, 18176975),
(24, 2014, 2, 13.8, 3.26, 4.4, 6.83, 1.4, 25, 17.8, 69, 25, 5, 5.3, 5, 1.66, 8, 10, 7, 9.4, 10, 6.817, 18176975),
(25, 2015, 1, 12.9, 3.29, 4.65, 8.02, 1.54, 25, 17.3, 66, 20, 6.8, 5, 5.83, 4.04, 6.6, 10, 7.25, 8.8, 10, 7.146, 18176975),
(26, 2011, 1, 13.4, 3.1, 4.91, 9.38, 1.24, 25, 18.2, 64, 22, 7.2, 8.4, 8.03, 8.38, 10, 10, 8.4, 10, 10, 8.934, 18203039),
(27, 2011, 2, 13, 3.07, 5, 10.67, 1.19, 25, 14.5, 67, 21, 8, 8.7, 8.33, 9.67, 10, 10, 10, 10, 10, 9.411, 18203039),
(28, 2012, 1, 12.4, 3.02, 5.5, 10.07, 1.14, 25, 17.4, 66, 23, 9.2, 9.2, 10, 9.07, 10, 10, 8.8, 10, 10, 9.585, 18203039),
(29, 2012, 2, 12.9, 3.08, 5.1, 10.55, 1.14, 25, 16.9, 67, 24, 8.2, 8.6, 8.66, 9.55, 10, 10, 9.05, 10, 10, 9.34, 18203039),
(30, 2013, 1, 12.4, 3.04, 5.15, 11.18, 1.15, 25, 15.3, 70, 22, 8.6, 8.2, 8.16, 9.68, 10, 10, 9.05, 10, 10, 9.298, 18203039),
(31, 2013, 2, 12.3, 3, 5.25, 11.4, 1.17, 25, 14.5, 66, 26, 8.8, 8.6, 8.5, 9.9, 10, 10, 9.45, 9.6, 10, 9.427, 18203039),
(32, 2014, 1, 12.4, 3, 5.39, 11.69, 1.15, 25, 12.5, 75, 26, 8.2, 8.2, 8.63, 9.69, 10, 10, 10, 10, 10, 9.413, 18203039),
(33, 2014, 2, 12.1, 3.01, 5.35, 11.74, 1.18, 25, 12.1, 76, 27, 8.8, 8.1, 8.5, 9.74, 10, 10, 10, 10, 10, 9.46, 18203039),
(34, 2015, 1, 12.6, 3.06, 5.19, 11.25, 1.13, 25, 12.9, 68, 30, 7.4, 7.3, 7.63, 8.75, 10, 10, 9.45, 9.2, 10, 8.858, 18203039),
(35, 2012, 1, 0, 0, 0, 0, 0, 0, 0, 0, 0, 0, 0, 0, 0, 0, 0, 0, 0, 0, 0, 18312151),
(36, 2012, 2, 12.3, 3.17, 4.85, 9.8, 2.05, 16, 14.9, 71, 20, 9.4, 7.7, 7.83, 8.8, 6.3, 8.5, 10, 10, 10, 8.725, 18312151),
(37, 2013, 1, 12.3, 3.2, 4.8, 9.39, 2.25, 17.5, 19.7, 75, 18, 8.8, 6.6, 7, 7.89, 3.9, 8.25, 6.85, 10, 10, 7.698, 18312151),
(38, 2013, 2, 12.2, 3.19, 4.85, 9.3, 1.55, 22, 15, 68, 18, 9, 6.7, 7.16, 7.8, 6.9, 10, 9.2, 10, 10, 8.528, 18312151),
(39, 2014, 1, 12.7, 3.21, 4.6, 10.1, 2.06, 20, 18.5, 76, 20, 7.6, 6.1, 6, 8.1, 5.6, 8.5, 7.05, 10, 10, 7.661, 18312151),
(40, 2014, 2, 11.9, 3.22, 4.95, 9.76, 2.05, 22, 15.6, 70, 24, 9.2, 6, 7.16, 7.76, 5.7, 9.5, 8.5, 10, 10, 8.202, 18312151),
(41, 2015, 1, 12.5, 3.15, 4.6, 9.7, 1.53, 21, 15.5, 82, 25, 7.6, 6.4, 5.66, 7.2, 6.7, 8, 8.15, 10, 10, 7.745, 18312151);

-- --------------------------------------------------------

--
-- Estructura de tabla para la tabla `notas_parciales`
--

DROP TABLE IF EXISTS `notas_parciales`;
CREATE TABLE IF NOT EXISTS `notas_parciales` (
  `idnotas_parciales` int(11) NOT NULL,
  `nota` float NOT NULL,
  `dia` smallint(6) NOT NULL,
  `mes` smallint(6) NOT NULL,
  `ano` int(11) NOT NULL,
  `semestre` tinyint(4) NOT NULL,
  `asignatura_idasignatura` int(11) NOT NULL,
  `cadete_rut` int(10) unsigned NOT NULL,
  `concepto_idconcepto` int(11) NOT NULL
) ENGINE=InnoDB DEFAULT CHARSET=latin1;

--
-- Volcado de datos para la tabla `notas_parciales`
--

INSERT INTO `notas_parciales` (`idnotas_parciales`, `nota`, `dia`, `mes`, `ano`, `semestre`, `asignatura_idasignatura`, `cadete_rut`, `concepto_idconcepto`) VALUES
(1, 7.2, 31, 3, 2015, 1, 93, 17559990, 5),
(2, 8.9, 26, 5, 2015, 1, 93, 17559990, 4),
(3, 6.6, 10, 6, 2015, 1, 93, 17559990, 4),
(4, 7.8, 24, 3, 2015, 1, 224, 17559990, 4),
(5, 6, 13, 5, 2015, 1, 224, 17559990, 4),
(6, 4.5, 11, 6, 2015, 1, 224, 17559990, 4),
(7, 6.1, 15, 4, 2015, 1, 393, 17559990, 4),
(8, 4.2, 6, 5, 2015, 1, 393, 17559990, 4),
(9, 8.5, 27, 5, 2015, 1, 393, 17559990, 4),
(10, 3.3, 10, 6, 2015, 1, 393, 17559990, 4),
(11, 9.2, 10, 6, 2015, 1, 393, 17559990, 4),
(12, 7.2, 7, 4, 2015, 1, 644, 17559990, 4),
(13, 8.8, 7, 5, 2015, 1, 644, 17559990, 4),
(14, 7.6, 10, 6, 2015, 1, 644, 17559990, 4),
(15, 7.3, 10, 6, 2015, 1, 644, 17559990, 1),
(16, 8.8, 10, 6, 2015, 1, 644, 17559990, 2),
(17, 7.3, 10, 6, 2015, 1, 644, 17559990, 6),
(18, 8.9, 21, 4, 2015, 1, 756, 17559990, 4),
(19, 8.2, 5, 6, 2015, 1, 756, 17559990, 4),
(20, 7.7, 9, 6, 2015, 1, 756, 17559990, 4),
(21, 7, 19, 3, 2015, 1, 865, 17559990, 4),
(22, 6.4, 5, 5, 2015, 1, 865, 17559990, 4),
(23, 8.9, 2, 6, 2015, 1, 865, 17559990, 6),
(24, 6.9, 9, 6, 2015, 1, 865, 17559990, 4),
(25, 8.7, 27, 5, 2015, 1, 1271, 17559990, 4),
(26, 8.5, 11, 6, 2015, 1, 1271, 17559990, 6),
(27, 8.4, 27, 5, 2015, 1, 1271, 17559990, 4),
(28, 6.9, 29, 4, 2015, 1, 104, 17992236, 4),
(29, 7.9, 10, 6, 2015, 1, 104, 17992236, 4),
(30, 8.9, 10, 6, 2015, 1, 104, 17992236, 1),
(31, 8, 10, 6, 2015, 1, 104, 17992236, 6),
(32, 7.6, 2, 4, 2015, 1, 231, 17992236, 4),
(33, 8.3, 19, 5, 2015, 1, 231, 17992236, 4),
(34, 4.4, 3, 6, 2015, 1, 231, 17992236, 4),
(35, 8, 9, 6, 2015, 1, 231, 17992236, 4),
(36, 8.1, 9, 6, 2015, 1, 231, 17992236, 4),
(37, 7.9, 16, 4, 2015, 1, 785, 17992236, 4),
(38, 6.9, 3, 6, 2015, 1, 785, 17992236, 4),
(39, 7.7, 9, 6, 2015, 1, 785, 17992236, 4),
(40, 10, 24, 3, 2015, 1, 912, 17992236, 2),
(41, 8.7, 15, 4, 2015, 1, 912, 17992236, 4),
(42, 7.2, 3, 6, 2015, 1, 912, 17992236, 4),
(43, 5.3, 3, 6, 2015, 1, 912, 17992236, 6),
(44, 9.5, 27, 3, 2015, 1, 962, 17992236, 4),
(45, 8.7, 14, 5, 2015, 1, 962, 17992236, 4),
(46, 8.6, 10, 6, 2015, 1, 962, 17992236, 2),
(47, 8.7, 2, 4, 2015, 1, 1005, 17992236, 4),
(48, 8.4, 13, 5, 2015, 1, 1005, 17992236, 4),
(49, 6.1, 10, 6, 2015, 1, 1005, 17992236, 4),
(50, 7.5, 10, 6, 2015, 1, 1005, 17992236, 3),
(51, 8.4, 13, 4, 2015, 1, 1126, 17992236, 4),
(52, 7.2, 25, 5, 2015, 1, 1126, 17992236, 4),
(53, 9.9, 5, 6, 2015, 1, 1126, 17992236, 4),
(54, 8.1, 9, 6, 2015, 1, 1126, 17992236, 3),
(55, 6.5, 9, 6, 2015, 1, 1126, 17992236, 6),
(56, 7.5, 20, 3, 2015, 1, 1161, 17992236, 4),
(57, 8.2, 15, 5, 2015, 1, 1161, 17992236, 4),
(58, 10, 8, 6, 2015, 1, 1161, 17992236, 4),
(59, 10, 10, 6, 2015, 1, 1161, 17992236, 6),
(60, 6.3, 29, 4, 2015, 1, 104, 18176975, 4),
(61, 7.4, 9, 6, 2015, 1, 104, 18176975, 4),
(62, 8.7, 10, 6, 2015, 1, 104, 18176975, 1),
(63, 8.3, 10, 6, 2015, 1, 104, 18176975, 6),
(64, 10, 9, 4, 2015, 1, 231, 18176975, 4),
(65, 7.7, 19, 5, 2015, 1, 231, 18176975, 4),
(66, 5.5, 2, 6, 2015, 1, 231, 18176975, 4),
(67, 9.4, 11, 6, 2015, 1, 231, 18176975, 4),
(68, 9.3, 11, 6, 2015, 1, 231, 18176975, 4),
(69, 7.3, 16, 4, 2015, 1, 785, 18176975, 4),
(70, 7.5, 3, 6, 2015, 1, 785, 18176975, 4),
(71, 7, 9, 6, 2015, 1, 785, 18176975, 4),
(72, 9.2, 24, 3, 2015, 1, 912, 18176975, 2),
(73, 8.2, 15, 4, 2015, 1, 912, 18176975, 4),
(74, 9.2, 3, 6, 2015, 1, 912, 18176975, 4),
(75, 8.5, 3, 6, 2015, 1, 912, 18176975, 6),
(76, 9.6, 8, 4, 2015, 1, 962, 18176975, 4),
(77, 5.5, 6, 5, 2015, 1, 962, 18176975, 1),
(78, 6, 3, 6, 2015, 1, 962, 18176975, 4),
(79, 9.7, 2, 4, 2015, 1, 1005, 18176975, 4),
(80, 9.5, 13, 5, 2015, 1, 1005, 18176975, 4),
(81, 7.6, 10, 6, 2015, 1, 1005, 18176975, 4),
(82, 7, 11, 6, 2015, 1, 1005, 18176975, 4),
(83, 9.1, 13, 4, 2015, 1, 1126, 18176975, 4),
(84, 7.2, 25, 5, 2015, 1, 1126, 18176975, 4),
(85, 8.1, 5, 6, 2015, 1, 1126, 18176975, 4),
(86, 8.4, 9, 6, 2015, 1, 1126, 18176975, 3),
(87, 7.7, 9, 6, 2015, 1, 1126, 18176975, 6),
(88, 6.5, 21, 4, 2015, 1, 134, 18203039, 4),
(89, 7.5, 26, 5, 2015, 1, 134, 18203039, 4),
(90, 7.3, 10, 6, 2015, 1, 134, 18203039, 4),
(91, 7.6, 31, 3, 2015, 1, 260, 18203039, 4),
(92, 7.1, 8, 6, 2015, 1, 260, 18203039, 4),
(93, 8.7, 10, 6, 2015, 1, 260, 18203039, 6),
(94, 8.6, 10, 6, 2015, 1, 260, 18203039, 1),
(95, 6, 23, 3, 2015, 1, 348, 18203039, 4),
(96, 6.8, 27, 4, 2015, 1, 348, 18203039, 4),
(97, 6.1, 1, 6, 2015, 1, 348, 18203039, 4),
(98, 8.1, 5, 6, 2015, 1, 348, 18203039, 1),
(99, 9, 8, 6, 2015, 1, 348, 18203039, 6),
(100, 9.6, 22, 4, 2015, 1, 786, 18203039, 4),
(101, 9.3, 4, 6, 2015, 1, 786, 18203039, 4),
(102, 7.8, 9, 6, 2015, 1, 786, 18203039, 4),
(103, 7.2, 21, 4, 2015, 1, 913, 18203039, 4),
(104, 9.4, 9, 6, 2015, 1, 913, 18203039, 4),
(105, 9.2, 9, 6, 2015, 1, 913, 18203039, 6),
(106, 6, 2, 4, 2015, 1, 1077, 18203039, 4),
(107, 3.5, 21, 4, 2015, 1, 1077, 18203039, 4),
(108, 8.8, 13, 5, 2015, 1, 1077, 18203039, 4),
(109, 8, 9, 6, 2015, 1, 1077, 18203039, 4),
(110, 8.6, 9, 6, 2015, 1, 1077, 18203039, 6),
(111, 8, 8, 5, 2015, 1, 1110, 18203039, 4),
(112, 8.9, 19, 5, 2015, 1, 1110, 18203039, 4),
(113, 8.2, 8, 6, 2015, 1, 1110, 18203039, 4),
(114, 7.5, 27, 3, 2015, 1, 1320, 18203039, 4),
(115, 7.6, 13, 5, 2015, 1, 1320, 18203039, 4),
(116, 8.3, 10, 6, 2015, 1, 1320, 18203039, 4),
(117, 7, 25, 3, 2015, 1, 61, 18312151, 4),
(118, 7.2, 4, 5, 2015, 1, 61, 18312151, 4),
(119, 9.8, 8, 6, 2015, 1, 61, 18312151, 4),
(120, 9, 8, 6, 2015, 1, 61, 18312151, 1),
(121, 8.2, 31, 3, 2015, 1, 105, 18312151, 4),
(122, 6.9, 2, 6, 2015, 1, 105, 18312151, 4),
(123, 7.5, 10, 6, 2015, 1, 105, 18312151, 1),
(124, 8.1, 10, 6, 2015, 1, 105, 18312151, 6),
(125, 9.6, 20, 4, 2015, 1, 140, 18312151, 4),
(126, 8, 25, 5, 2015, 1, 140, 18312151, 4),
(127, 8, 10, 6, 2015, 1, 140, 18312151, 4),
(128, 7.3, 10, 6, 2015, 1, 140, 18312151, 6),
(129, 9, 28, 4, 2015, 1, 330, 18312151, 4),
(130, 8.3, 11, 6, 2015, 1, 330, 18312151, 4),
(131, 7.4, 11, 6, 2015, 1, 330, 18312151, 4),
(132, 6.6, 23, 3, 2015, 1, 688, 18312151, 4),
(133, 6.3, 27, 4, 2015, 1, 688, 18312151, 4),
(134, 6, 1, 6, 2015, 1, 688, 18312151, 4),
(135, 7, 5, 6, 2015, 1, 688, 18312151, 1),
(136, 8.8, 8, 6, 2015, 1, 688, 18312151, 6),
(137, 7.5, 14, 4, 2015, 1, 788, 18312151, 4),
(138, 8.8, 4, 6, 2015, 1, 788, 18312151, 4),
(139, 7.6, 9, 6, 2015, 1, 788, 18312151, 4),
(140, 6, 7, 4, 2015, 1, 914, 18312151, 4),
(141, 6.7, 2, 6, 2015, 1, 914, 18312151, 4);

-- --------------------------------------------------------

--
-- Estructura de tabla para la tabla `tipo_archivo`
--

DROP TABLE IF EXISTS `tipo_archivo`;
CREATE TABLE IF NOT EXISTS `tipo_archivo` (
`idtipo_archivo` int(11) NOT NULL,
  `nombre` varchar(45) NOT NULL,
  `tabla_sincronizar` varchar(45) NOT NULL
) ENGINE=InnoDB AUTO_INCREMENT=5 DEFAULT CHARSET=latin1;

--
-- Volcado de datos para la tabla `tipo_archivo`
--

INSERT INTO `tipo_archivo` (`idtipo_archivo`, `nombre`, `tabla_sincronizar`) VALUES
(1, 'cadetes', 'cadete'),
(2, 'apoderados', 'apoderado'),
(3, 'relación cadete-apoderado', 'cadete_apoderado'),
(4, 'finanzas', 'transaccion');

-- --------------------------------------------------------

--
-- Estructura de tabla para la tabla `tipo_certificado`
--

DROP TABLE IF EXISTS `tipo_certificado`;
CREATE TABLE IF NOT EXISTS `tipo_certificado` (
`idtipo_certificado` int(11) NOT NULL,
  `nombre` varchar(45) DEFAULT NULL
) ENGINE=InnoDB AUTO_INCREMENT=2 DEFAULT CHARSET=latin1;

--
-- Volcado de datos para la tabla `tipo_certificado`
--

INSERT INTO `tipo_certificado` (`idtipo_certificado`, `nombre`) VALUES
(1, 'Alumno Regular');

-- --------------------------------------------------------

--
-- Estructura de tabla para la tabla `transaccion`
--

DROP TABLE IF EXISTS `transaccion`;
CREATE TABLE IF NOT EXISTS `transaccion` (
  `idtransaccion` int(10) unsigned NOT NULL,
  `cadete_rut` int(10) unsigned NOT NULL,
  `tipoTransaccion` enum('Cargo','Abono') NOT NULL,
  `monto` bigint(10) NOT NULL,
  `fechaMovimiento` datetime NOT NULL,
  `descripcion` varchar(150) NOT NULL,
  `tipoCuenta` enum('Cuenta Corriente','Colegiatura','Equipo') NOT NULL
) ENGINE=InnoDB DEFAULT CHARSET=latin1;

--
-- Volcado de datos para la tabla `transaccion`
--

INSERT INTO `transaccion` (`idtransaccion`, `cadete_rut`, `tipoTransaccion`, `monto`, `fechaMovimiento`, `descripcion`, `tipoCuenta`) VALUES
(61731, 18203039, 'Cargo', 6640, '2015-10-19 17:39:11', 'BOLETA PAÃ‘OL', 'Cuenta Corriente'),
(61741, 18312151, 'Cargo', 6640, '2015-10-19 17:39:11', 'BOLETA PAÃ‘OL', 'Cuenta Corriente'),
(61907, 18203039, 'Abono', 19650, '2015-10-19 17:39:11', 'DEPOSITO BANCO CHILE EDW CITI', 'Cuenta Corriente'),
(62261, 18203039, 'Cargo', -269, '2015-10-19 17:39:11', 'VARIACION UF. COLEG.DICIEMBRE', 'Colegiatura'),
(62345, 17992236, 'Cargo', -73, '2015-10-19 17:39:11', 'VARIACION UF. COLEG.DICIEMBRE', 'Colegiatura'),
(62347, 18176975, 'Cargo', -4699, '2015-10-19 17:39:11', 'VARIACION UF. COLEG.DICIEMBRE', 'Colegiatura'),
(62497, 17559990, 'Abono', 3500, '2015-10-19 17:39:11', 'SOBRETABLA DICIEMBRE', 'Cuenta Corriente'),
(62522, 17559990, 'Abono', 135269, '2015-10-19 17:39:11', 'SOBRETABLA DICIEMBRE', 'Colegiatura'),
(62570, 18312151, 'Abono', 135449, '2015-10-19 17:39:11', 'PAGO PORTAL BANCO CHILE', 'Colegiatura'),
(62585, 18312151, 'Abono', 36540, '2015-10-19 17:39:11', 'PAGO PORTAL BANCO CHILE', 'Cuenta Corriente'),
(62688, 18312151, 'Cargo', 180, '2015-10-19 17:39:11', 'VARIACION UF. COLEG.DICIEMBRE', 'Colegiatura'),
(63365, 17559990, 'Cargo', 134977, '2015-10-19 17:39:11', 'COLEGIATURA FEBRERO 2015', 'Colegiatura'),
(63398, 18312151, 'Cargo', 134977, '2015-10-19 17:39:11', 'COLEGIATURA FEBRERO 2015', 'Colegiatura'),
(63708, 17992236, 'Cargo', 269954, '2015-10-19 17:39:11', 'COLEGIATURA FEBRERO 2015', 'Colegiatura'),
(63709, 18176975, 'Cargo', 269954, '2015-10-19 17:39:11', 'COLEGIATURA FEBRERO 2015', 'Colegiatura'),
(63736, 18203039, 'Cargo', 269954, '2015-10-19 17:39:11', 'COLEGIATURA FEBRERO 2015', 'Colegiatura'),
(64002, 18203039, 'Abono', 269989, '2015-10-19 17:39:11', 'PAGO PORTAL BANCO CHILE', 'Colegiatura'),
(64169, 17559990, 'Abono', 134977, '2015-10-19 17:39:11', 'SOBRETABLA FEBRERO', 'Colegiatura'),
(64225, 17992236, 'Abono', 19649, '2015-10-19 17:39:11', 'PAGO PORTAL BANCO CHILE', 'Cuenta Corriente'),
(64244, 18312151, 'Abono', 134960, '2015-10-19 17:39:11', 'PAGO PORTAL BANCO CHILE', 'Colegiatura'),
(64439, 18203039, 'Cargo', 35, '2015-10-19 17:39:11', 'VARIACION  UF - COLE. FEBRERO', 'Colegiatura'),
(64528, 18312151, 'Cargo', -17, '2015-10-19 17:39:11', 'VARIACION  UF - COLE. FEBRERO', 'Colegiatura'),
(64599, 17559990, 'Cargo', 135023, '2015-10-19 17:39:11', 'COLEGIATURA MARZO 2015', 'Colegiatura'),
(64628, 18312151, 'Cargo', 135023, '2015-10-19 17:39:11', 'COLEGIATURA MARZO 2015', 'Colegiatura'),
(64807, 18203039, 'Cargo', 270046, '2015-10-19 17:39:11', 'COLEGIATURA MARZO 2015', 'Colegiatura'),
(64900, 17992236, 'Cargo', 270046, '2015-10-19 17:39:11', 'COLEGIATURA MARZO 2015', 'Colegiatura'),
(64901, 18176975, 'Cargo', 270046, '2015-10-19 17:39:11', 'COLEGIATURA MARZO 2015', 'Colegiatura'),
(64914, 18203039, 'Abono', 6639, '2015-10-19 17:39:11', 'TRANSFERENCIA BANCARIA', 'Cuenta Corriente'),
(65071, 17992236, 'Abono', 542024, '2015-10-19 17:39:11', 'PAGO PORTAL BANCO CHILE', 'Colegiatura'),
(65097, 18203039, 'Abono', 270036, '2015-10-19 17:39:11', 'PAGO PORTAL BANCO CHILE', 'Colegiatura'),
(65248, 18176975, 'Abono', 19649, '2015-10-19 17:39:11', 'PAGO PORTAL BANCO CHILE', 'Cuenta Corriente'),
(65640, 18312151, 'Abono', 135234, '2015-10-19 17:39:11', 'PAGO PORTAL BANCO CHILE', 'Colegiatura'),
(66004, 17559990, 'Abono', 135023, '2015-10-19 17:39:11', 'SOBRETABLA MARZO', 'Colegiatura'),
(66179, 18203039, 'Cargo', 72251, '2015-10-19 17:39:11', 'SEGURO POR PERMANENCIA', 'Cuenta Corriente'),
(66269, 18312151, 'Cargo', 72251, '2015-10-19 17:39:11', 'SEGURO POR PERMANENCIA', 'Cuenta Corriente'),
(66281, 17992236, 'Cargo', 72251, '2015-10-19 17:39:11', 'SEGURO POR PERMANENCIA', 'Cuenta Corriente'),
(66282, 18176975, 'Cargo', 72251, '2015-10-19 17:39:11', 'SEGURO POR PERMANENCIA', 'Cuenta Corriente'),
(66458, 18203039, 'Cargo', -10, '2015-10-19 17:39:11', 'VARIACION UF', 'Colegiatura'),
(66533, 18312151, 'Cargo', 211, '2015-10-19 17:39:11', 'VARIACION UF', 'Colegiatura'),
(66542, 17992236, 'Cargo', 966, '2015-10-19 17:39:11', 'VARIACION UF', 'Colegiatura'),
(66618, 17559990, 'Cargo', 135513, '2015-10-19 17:39:11', 'VARIACION UF - COLE. ABRIL', 'Colegiatura'),
(66647, 18312151, 'Cargo', 135513, '2015-10-19 17:39:11', 'VARIACION UF - COLE. ABRIL', 'Colegiatura'),
(66822, 18203039, 'Cargo', 271025, '2015-10-19 17:39:11', 'VARIACION UF - COLE. ABRIL', 'Colegiatura'),
(66916, 17992236, 'Cargo', 271025, '2015-10-19 17:39:11', 'VARIACION UF - COLE. ABRIL', 'Colegiatura'),
(66917, 18176975, 'Cargo', 271025, '2015-10-19 17:39:11', 'VARIACION UF - COLE. ABRIL', 'Colegiatura'),
(66950, 18203039, 'Abono', 270885, '2015-10-19 17:39:11', 'PAGO PORTAL BANCO CHILE', 'Colegiatura'),
(67005, 17992236, 'Abono', 271060, '2015-10-19 17:39:11', 'PAGO PORTAL BANCO CHILE', 'Colegiatura'),
(67655, 17559990, 'Abono', 135513, '2015-10-19 17:39:11', 'SOBRETABLA ABRIL', 'Colegiatura'),
(67730, 18312151, 'Abono', 135934, '2015-10-19 17:39:11', 'PAGO PORTAL BANCO CHILE', 'Colegiatura'),
(67876, 18203039, 'Abono', 72251, '2015-10-19 17:39:11', 'TRANSFERENCIA BANCARIA', 'Cuenta Corriente'),
(68000, 17559990, 'Cargo', 136287, '2015-10-19 17:39:11', 'COLEGIATURA MAYO 2015', 'Colegiatura'),
(68028, 18312151, 'Cargo', 136287, '2015-10-19 17:39:11', 'COLEGIATURA MAYO 2015', 'Colegiatura'),
(68204, 18203039, 'Cargo', 272574, '2015-10-19 17:39:11', 'COLEGIATURA MAYO 2015', 'Colegiatura'),
(68298, 17992236, 'Cargo', 272574, '2015-10-19 17:39:11', 'COLEGIATURA MAYO 2015', 'Colegiatura'),
(68299, 18176975, 'Cargo', 272574, '2015-10-19 17:39:11', 'COLEGIATURA MAYO 2015', 'Colegiatura'),
(68511, 17559990, 'Cargo', 48302, '2015-10-19 17:39:11', 'SEGURO ESCOLAR', 'Cuenta Corriente'),
(68534, 18203039, 'Cargo', 48302, '2015-10-19 17:39:11', 'SEGURO ESCOLAR', 'Cuenta Corriente'),
(68624, 18312151, 'Cargo', 48301, '2015-10-19 17:39:11', 'SEGURO ESCOLAR', 'Cuenta Corriente'),
(68636, 17992236, 'Cargo', 48301, '2015-10-19 17:39:11', 'SEGURO ESCOLAR', 'Cuenta Corriente'),
(68637, 18176975, 'Cargo', 48301, '2015-10-19 17:39:11', 'SEGURO ESCOLAR', 'Cuenta Corriente'),
(68751, 17992236, 'Abono', -1980, '2015-10-19 17:39:11', 'CORRIGE ABONO BANCO CHILE', 'Colegiatura'),
(68810, 17992236, 'Abono', 72251, '2015-10-19 17:39:11', 'PAGO PORTAL BANCO CHILE', 'Cuenta Corriente'),
(68850, 18203039, 'Abono', 272574, '2015-10-19 17:39:11', 'PAGO PORTAL BANCO CHILE', 'Colegiatura'),
(68880, 17992236, 'Abono', 272574, '2015-10-19 17:39:11', 'PAGO PORTAL BANCO CHILE', 'Colegiatura'),
(69056, 18312151, 'Abono', 120552, '2015-10-19 17:39:11', 'PAGO PORTAL BANCO CHILE', 'Cuenta Corriente'),
(69065, 18312151, 'Abono', 410426, '2015-10-19 17:39:11', 'PAGO PORTAL BANCO CHILE', 'Colegiatura'),
(69446, 17559990, 'Abono', 136287, '2015-10-19 17:39:11', 'SOBRETABLA', 'Colegiatura');

-- --------------------------------------------------------

--
-- Estructura de tabla para la tabla `usuario`
--

DROP TABLE IF EXISTS `usuario`;
CREATE TABLE IF NOT EXISTS `usuario` (
  `rut` int(10) unsigned NOT NULL,
  `apellidoPat` varchar(25) NOT NULL,
  `apellidoMat` varchar(25) NOT NULL,
  `nombres` varchar(50) NOT NULL,
  `password_2` varchar(250) NOT NULL,
  `perfil` enum('funcionario','apoderado','cadete') NOT NULL DEFAULT 'funcionario',
  `lastLogin` datetime DEFAULT NULL,
  `codVerificacion` varchar(10) DEFAULT NULL,
  `email` varchar(25) NOT NULL,
  `fechaVerificacion` datetime DEFAULT NULL
) ENGINE=InnoDB DEFAULT CHARSET=latin1;

--
-- Volcado de datos para la tabla `usuario`
--

INSERT INTO `usuario` (`rut`, `apellidoPat`, `apellidoMat`, `nombres`, `password_2`, `perfil`, `lastLogin`, `codVerificacion`, `email`, `fechaVerificacion`) VALUES
(4954924, 'RAVENTÓS', 'ÁGUILA', 'XIMENA', '4954924', 'apoderado', NULL, NULL, 'cadete@escuelanaval.cl', NULL),
(6378128, 'ACEVEDO', 'PEDREROS', 'RAMÓN ARTURO', '6378128', 'apoderado', NULL, NULL, 'cadete@escuelanaval.cl', NULL),
(6392614, 'VARAS', 'MORA', 'IVONNE VILMA', '6392614', 'apoderado', NULL, NULL, 'cadete@escuelanaval.cl', NULL),
(6821677, 'MORENO', 'Poblete', 'Luis  Fernando', '6821677', 'apoderado', NULL, NULL, 'cadete@escuelanaval.cl', NULL),
(7089557, 'SEPULVEDA', 'Haugen', 'Rodrigo', '7089557', 'apoderado', NULL, NULL, 'cadete@escuelanaval.cl', NULL),
(7763080, 'GÓMEZ', 'BARROS', 'VIOLETA MARÍA D', '7763080', 'apoderado', NULL, NULL, 'cadete@escuelanaval.cl', NULL),
(8016825, 'BARAHONA', 'LEIVA', 'VIVIANA LORENA', '8016825', 'apoderado', NULL, NULL, 'cadete@escuelanaval.cl', NULL),
(8551041, 'CASANUEVA', 'ÁGUILA', 'OSCAR MIGUEL', '8551041', 'apoderado', NULL, NULL, 'cadete@escuelanaval.cl', NULL),
(8662591, 'RUZ', 'Acevedo', 'Carmen Gloria', '8662591', 'apoderado', NULL, NULL, 'cadete@escuelanaval.cl', NULL),
(9693262, 'FELL', 'Novion', 'Mary Jane', '9693262', 'apoderado', NULL, NULL, 'cadete@escuelanaval.cl', NULL),
(9707695, 'VALDIVIA', 'CORNEJO', 'RENÉ ENRIQUE', '9707695', 'apoderado', NULL, NULL, 'cadete@escuelanaval.cl', NULL),
(9978078, 'PODEY', 'CASANUEVA', 'MACARENA PAZ', '9978078', 'apoderado', NULL, NULL, 'cadete@escuelanaval.cl', NULL),
(10263684, 'NARVÁEZ', 'BARAHONA', 'SONIA SUSANA', '10263684', 'apoderado', NULL, NULL, 'cadete@escuelanaval.cl', NULL),
(10738140, 'BARAHONA', 'LEIVA', 'FABIOLA ANDREA', '10738140', 'apoderado', NULL, NULL, 'cadete@escuelanaval.cl', NULL),
(15121504, 'RAMOS', 'RUZ', 'DIEGO', '15121504', 'apoderado', NULL, NULL, 'cadete@escuelanaval.cl', NULL),
(16309340, 'MORENO', 'RUZ', 'DANIELA', '16309340', 'apoderado', NULL, NULL, 'cadete@escuelanaval.cl', NULL),
(17558919, 'Franco', 'Brantes', 'Sebastián Franco', '17558919', 'funcionario', NULL, NULL, '', NULL),
(17559990, 'SEPULVEDA', 'Fell', 'Pablo Andrés', '17559990', 'cadete', NULL, NULL, 'cadete@escuelanaval.cl', NULL),
(17992236, 'MORENO', 'Ruz', 'Matías Fernando', '17992236', 'cadete', NULL, NULL, 'cadete@escuelanaval.cl', NULL),
(18176975, 'CASANUEVA', 'Gómez', 'Javier Andrés', '18176975', 'cadete', NULL, NULL, 'cadete@escuelanaval.cl', NULL),
(18203039, 'ACEVEDO', 'Barahona', 'Daniel Maximiliano', '18203039', 'cadete', NULL, NULL, 'cadete@escuelanaval.cl', NULL),
(18312151, 'VALDIVIA', 'Narváez', 'Sebastián Enrique', '18312151', 'cadete', NULL, NULL, 'cadete@escuelanaval.cl', NULL);

--
-- Índices para tablas volcadas
--

--
-- Indices de la tabla `apoderado`
--
ALTER TABLE `apoderado`
 ADD PRIMARY KEY (`rut`), ADD KEY `apoderado_FKIndex1` (`rut`);

--
-- Indices de la tabla `archivos`
--
ALTER TABLE `archivos`
 ADD PRIMARY KEY (`idarchivos`), ADD KEY `fk_archivos_tipo_archivo1_idx` (`tipo_archivo_idtipo_archivo`);

--
-- Indices de la tabla `asignatura`
--
ALTER TABLE `asignatura`
 ADD PRIMARY KEY (`idasignatura`), ADD KEY `fk_asignatura_especialidad1_idx` (`especialidad_idespecialidad`);

--
-- Indices de la tabla `cadete`
--
ALTER TABLE `cadete`
 ADD PRIMARY KEY (`rut`), ADD KEY `cadete_FKIndex1` (`rut`), ADD KEY `fk_cadete_especialidad1_idx` (`especialidad_idespecialidad`);

--
-- Indices de la tabla `cadete_apoderado`
--
ALTER TABLE `cadete_apoderado`
 ADD PRIMARY KEY (`idcadete_apoderado`), ADD KEY `cadete_apoderado_FKIndex1` (`apoderado_rut`), ADD KEY `cadete_apoderado_FKIndex2` (`cadete_rut`);

--
-- Indices de la tabla `calificaciones`
--
ALTER TABLE `calificaciones`
 ADD PRIMARY KEY (`idcalificaciones`), ADD KEY `fk_calificaciones_cadete1_idx` (`cadete_rut`);

--
-- Indices de la tabla `certificado`
--
ALTER TABLE `certificado`
 ADD PRIMARY KEY (`idcertificado`), ADD KEY `fk_certificado_motivo1_idx` (`motivo_idmotivo`), ADD KEY `fk_certificado_usuario1_idx` (`usuario_rut`), ADD KEY `fk_certificado_tipo_certificado1_idx` (`tipo_certificado_idtipo_certificado`), ADD KEY `fk_certificado_cadete1_idx` (`cadete_rut`);

--
-- Indices de la tabla `concepto`
--
ALTER TABLE `concepto`
 ADD PRIMARY KEY (`idconcepto`);

--
-- Indices de la tabla `departamento`
--
ALTER TABLE `departamento`
 ADD PRIMARY KEY (`iddepartamento`);

--
-- Indices de la tabla `especialidad`
--
ALTER TABLE `especialidad`
 ADD PRIMARY KEY (`idespecialidad`);

--
-- Indices de la tabla `francos`
--
ALTER TABLE `francos`
 ADD PRIMARY KEY (`idfrancos`), ADD KEY `fk_francos_cadete1_idx` (`cadete_rut`);

--
-- Indices de la tabla `funcionario`
--
ALTER TABLE `funcionario`
 ADD PRIMARY KEY (`rut`), ADD KEY `funcionario_FKIndex1` (`rut`), ADD KEY `funcionario_FKIndex2` (`departamento_iddepartamento`);

--
-- Indices de la tabla `ingles_tae`
--
ALTER TABLE `ingles_tae`
 ADD PRIMARY KEY (`idingles_tae`), ADD KEY `fk_ingles_tae_cadete1_idx` (`cadete_rut`);

--
-- Indices de la tabla `motivo`
--
ALTER TABLE `motivo`
 ADD PRIMARY KEY (`idmotivo`), ADD KEY `idmotivo` (`idmotivo`), ADD KEY `idmotivo_2` (`idmotivo`);

--
-- Indices de la tabla `nivelacion`
--
ALTER TABLE `nivelacion`
 ADD PRIMARY KEY (`idnivelacion`), ADD KEY `fk_notas_fisico_cadete1_idx` (`cadete_rut`);

--
-- Indices de la tabla `notas_finales`
--
ALTER TABLE `notas_finales`
 ADD PRIMARY KEY (`idnotas_finales`), ADD KEY `fk_nota_final_asignatura1_idx` (`asignatura_idasignatura`), ADD KEY `fk_notas_finales_cadete1_idx` (`cadete_rut`);

--
-- Indices de la tabla `notas_fisico`
--
ALTER TABLE `notas_fisico`
 ADD PRIMARY KEY (`idnotas_fisico`), ADD KEY `fk_notas_fisico_cadete1_idx` (`cadete_rut`);

--
-- Indices de la tabla `notas_parciales`
--
ALTER TABLE `notas_parciales`
 ADD PRIMARY KEY (`idnotas_parciales`), ADD KEY `fk_notas_parciales_asignatura1_idx` (`asignatura_idasignatura`), ADD KEY `fk_notas_parciales_cadete1_idx` (`cadete_rut`), ADD KEY `fk_notas_parciales_concepto1_idx` (`concepto_idconcepto`);

--
-- Indices de la tabla `tipo_archivo`
--
ALTER TABLE `tipo_archivo`
 ADD PRIMARY KEY (`idtipo_archivo`);

--
-- Indices de la tabla `tipo_certificado`
--
ALTER TABLE `tipo_certificado`
 ADD PRIMARY KEY (`idtipo_certificado`);

--
-- Indices de la tabla `transaccion`
--
ALTER TABLE `transaccion`
 ADD PRIMARY KEY (`idtransaccion`), ADD KEY `transaccion_FKIndex1` (`cadete_rut`);

--
-- Indices de la tabla `usuario`
--
ALTER TABLE `usuario`
 ADD PRIMARY KEY (`rut`);

--
-- AUTO_INCREMENT de las tablas volcadas
--

--
-- AUTO_INCREMENT de la tabla `archivos`
--
ALTER TABLE `archivos`
MODIFY `idarchivos` int(11) NOT NULL AUTO_INCREMENT,AUTO_INCREMENT=6;
--
-- AUTO_INCREMENT de la tabla `certificado`
--
ALTER TABLE `certificado`
MODIFY `idcertificado` int(11) NOT NULL AUTO_INCREMENT,AUTO_INCREMENT=10;
--
-- AUTO_INCREMENT de la tabla `concepto`
--
ALTER TABLE `concepto`
MODIFY `idconcepto` int(11) NOT NULL AUTO_INCREMENT,AUTO_INCREMENT=7;
--
-- AUTO_INCREMENT de la tabla `departamento`
--
ALTER TABLE `departamento`
MODIFY `iddepartamento` int(10) unsigned NOT NULL AUTO_INCREMENT,AUTO_INCREMENT=4;
--
-- AUTO_INCREMENT de la tabla `especialidad`
--
ALTER TABLE `especialidad`
MODIFY `idespecialidad` int(11) NOT NULL AUTO_INCREMENT,AUTO_INCREMENT=9;
--
-- AUTO_INCREMENT de la tabla `tipo_archivo`
--
ALTER TABLE `tipo_archivo`
MODIFY `idtipo_archivo` int(11) NOT NULL AUTO_INCREMENT,AUTO_INCREMENT=5;
--
-- AUTO_INCREMENT de la tabla `tipo_certificado`
--
ALTER TABLE `tipo_certificado`
MODIFY `idtipo_certificado` int(11) NOT NULL AUTO_INCREMENT,AUTO_INCREMENT=2;
--
-- Restricciones para tablas volcadas
--

--
-- Filtros para la tabla `apoderado`
--
ALTER TABLE `apoderado`
ADD CONSTRAINT `apoderado_ibfk_1` FOREIGN KEY (`rut`) REFERENCES `usuario` (`rut`) ON DELETE NO ACTION ON UPDATE NO ACTION;

--
-- Filtros para la tabla `archivos`
--
ALTER TABLE `archivos`
ADD CONSTRAINT `fk_archivos_tipo_archivo1` FOREIGN KEY (`tipo_archivo_idtipo_archivo`) REFERENCES `tipo_archivo` (`idtipo_archivo`) ON DELETE NO ACTION ON UPDATE NO ACTION;

--
-- Filtros para la tabla `asignatura`
--
ALTER TABLE `asignatura`
ADD CONSTRAINT `fk_asignatura_especialidad1` FOREIGN KEY (`especialidad_idespecialidad`) REFERENCES `especialidad` (`idespecialidad`) ON DELETE NO ACTION ON UPDATE NO ACTION;

--
-- Filtros para la tabla `cadete`
--
ALTER TABLE `cadete`
ADD CONSTRAINT `cadete_ibfk_1` FOREIGN KEY (`rut`) REFERENCES `usuario` (`rut`) ON DELETE NO ACTION ON UPDATE NO ACTION,
ADD CONSTRAINT `fk_cadete_especialidad1` FOREIGN KEY (`especialidad_idespecialidad`) REFERENCES `especialidad` (`idespecialidad`) ON DELETE NO ACTION ON UPDATE NO ACTION;

--
-- Filtros para la tabla `cadete_apoderado`
--
ALTER TABLE `cadete_apoderado`
ADD CONSTRAINT `cadete_apoderado_ibfk_1` FOREIGN KEY (`apoderado_rut`) REFERENCES `apoderado` (`rut`) ON DELETE NO ACTION ON UPDATE NO ACTION,
ADD CONSTRAINT `cadete_apoderado_ibfk_2` FOREIGN KEY (`cadete_rut`) REFERENCES `cadete` (`rut`) ON DELETE NO ACTION ON UPDATE NO ACTION;

--
-- Filtros para la tabla `calificaciones`
--
ALTER TABLE `calificaciones`
ADD CONSTRAINT `fk_calificaciones_cadete1` FOREIGN KEY (`cadete_rut`) REFERENCES `cadete` (`rut`) ON DELETE NO ACTION ON UPDATE NO ACTION;

--
-- Filtros para la tabla `certificado`
--
ALTER TABLE `certificado`
ADD CONSTRAINT `fk_certificado_cadete1` FOREIGN KEY (`cadete_rut`) REFERENCES `cadete` (`rut`) ON DELETE NO ACTION ON UPDATE NO ACTION,
ADD CONSTRAINT `fk_certificado_motivo1` FOREIGN KEY (`motivo_idmotivo`) REFERENCES `motivo` (`idmotivo`) ON DELETE NO ACTION ON UPDATE NO ACTION,
ADD CONSTRAINT `fk_certificado_tipo_certificado1` FOREIGN KEY (`tipo_certificado_idtipo_certificado`) REFERENCES `tipo_certificado` (`idtipo_certificado`) ON DELETE NO ACTION ON UPDATE NO ACTION,
ADD CONSTRAINT `fk_certificado_usuario1` FOREIGN KEY (`usuario_rut`) REFERENCES `usuario` (`rut`) ON DELETE NO ACTION ON UPDATE NO ACTION;

--
-- Filtros para la tabla `francos`
--
ALTER TABLE `francos`
ADD CONSTRAINT `fk_francos_cadete1` FOREIGN KEY (`cadete_rut`) REFERENCES `cadete` (`rut`) ON DELETE NO ACTION ON UPDATE NO ACTION;

--
-- Filtros para la tabla `funcionario`
--
ALTER TABLE `funcionario`
ADD CONSTRAINT `funcionario_ibfk_1` FOREIGN KEY (`rut`) REFERENCES `usuario` (`rut`) ON DELETE NO ACTION ON UPDATE NO ACTION,
ADD CONSTRAINT `funcionario_ibfk_2` FOREIGN KEY (`departamento_iddepartamento`) REFERENCES `departamento` (`iddepartamento`) ON DELETE NO ACTION ON UPDATE NO ACTION;

--
-- Filtros para la tabla `ingles_tae`
--
ALTER TABLE `ingles_tae`
ADD CONSTRAINT `fk_ingles_tae_cadete1` FOREIGN KEY (`cadete_rut`) REFERENCES `cadete` (`rut`) ON DELETE NO ACTION ON UPDATE NO ACTION;

--
-- Filtros para la tabla `nivelacion`
--
ALTER TABLE `nivelacion`
ADD CONSTRAINT `fk_notas_fisico_cadete10` FOREIGN KEY (`cadete_rut`) REFERENCES `cadete` (`rut`) ON DELETE NO ACTION ON UPDATE NO ACTION;

--
-- Filtros para la tabla `notas_finales`
--
ALTER TABLE `notas_finales`
ADD CONSTRAINT `fk_nota_final_asignatura1` FOREIGN KEY (`asignatura_idasignatura`) REFERENCES `asignatura` (`idasignatura`) ON DELETE NO ACTION ON UPDATE NO ACTION,
ADD CONSTRAINT `fk_notas_finales_cadete1` FOREIGN KEY (`cadete_rut`) REFERENCES `cadete` (`rut`) ON DELETE NO ACTION ON UPDATE NO ACTION;

--
-- Filtros para la tabla `notas_fisico`
--
ALTER TABLE `notas_fisico`
ADD CONSTRAINT `fk_notas_fisico_cadete1` FOREIGN KEY (`cadete_rut`) REFERENCES `cadete` (`rut`) ON DELETE NO ACTION ON UPDATE NO ACTION;

--
-- Filtros para la tabla `notas_parciales`
--
ALTER TABLE `notas_parciales`
ADD CONSTRAINT `fk_notas_parciales_asignatura1` FOREIGN KEY (`asignatura_idasignatura`) REFERENCES `asignatura` (`idasignatura`) ON DELETE NO ACTION ON UPDATE NO ACTION,
ADD CONSTRAINT `fk_notas_parciales_cadete1` FOREIGN KEY (`cadete_rut`) REFERENCES `cadete` (`rut`) ON DELETE NO ACTION ON UPDATE NO ACTION,
ADD CONSTRAINT `fk_notas_parciales_concepto1` FOREIGN KEY (`concepto_idconcepto`) REFERENCES `concepto` (`idconcepto`) ON DELETE NO ACTION ON UPDATE NO ACTION;

--
-- Filtros para la tabla `transaccion`
--
ALTER TABLE `transaccion`
ADD CONSTRAINT `transaccion_ibfk_1` FOREIGN KEY (`cadete_rut`) REFERENCES `cadete` (`rut`) ON DELETE NO ACTION ON UPDATE NO ACTION;

/*!40101 SET CHARACTER_SET_CLIENT=@OLD_CHARACTER_SET_CLIENT */;
/*!40101 SET CHARACTER_SET_RESULTS=@OLD_CHARACTER_SET_RESULTS */;
/*!40101 SET COLLATION_CONNECTION=@OLD_COLLATION_CONNECTION */;
